cadet_id,grad_year,academic_major,is_ic,squadron,gpa,pea,avg_study_hours
C00702,2030,Undeclared,0,22,3.9,1.95,20.2
C00559,2030,Aeronautical Engineering,0,16,3.4,2.74,23.8
C01936,2030,Computer Science,0,37,2.62,2.61,20
C02048,2030,Undeclared,1,8,3.38,2.92,16.7
C01078,2030,Undeclared,0,12,3.25,2.95,17.1
C02426,2030,Undeclared,0,26,3.18,2.31,17.3
C02150,2030,Undeclared,1,32,2.5,3.99,15.2
C01184,2030,Undeclared,0,16,2.78,1.91,20.1
C00531,2030,Undeclared,0,30,2.71,1.46,14.9
C01514,2030,Political Science,0,34,3.32,2.48,22.4
C03325,2030,Aeronautical Engineering,1,6,2.33,3.54,16.3
C00416,2030,Foreign Area Studies,0,29,1.85,1.99,19.8
C02840,2030,Biology,0,10,3.2,1.74,23.6
C00144,2030,Physics,1,11,3.22,3.72,13.2
C03798,2030,Undeclared,0,16,2.38,2.94,12.4
C03218,2030,Electrical & Computer Engineering,1,4,1.67,3.14,16.3
C02220,2030,Undeclared,1,20,1.5,3.36,9.3
C01623,2030,Undeclared,0,31,3.86,2.58,18.7
C00488,2030,Undeclared,1,3,2.99,3.65,15.7
C02277,2030,Undeclared,0,36,2.73,1.56,17.1
C02166,2030,Undeclared,0,28,3.11,2.54,16.3
C00548,2030,Biology,0,6,3.22,2.37,14.8
C03927,2030,Electrical & Computer Engineering,1,24,2.55,3.33,16.3
C02483,2030,Undeclared,0,25,1.29,3.47,12.6
C01956,2030,Mathematical Sciences,0,11,3.34,2.17,23.2
C03377,2030,Mechanical Engineering,1,20,2.4,3.27,17.6
C01196,2030,Undeclared,0,25,2.17,1.38,14
C02101,2030,Undeclared,0,21,3.34,1.06,11.7
C03911,2030,Aeronautical Engineering,0,39,3.54,2.13,21.9
C03002,2030,Undeclared,0,27,2.59,2.41,19.5
C00680,2030,Economics,1,20,2.89,4,11.1
C00972,2030,Undeclared,1,26,2.61,3.14,16.4
C00978,2030,Undeclared,0,1,1.99,2.44,16.8
C02337,2030,Undeclared,0,38,1.25,2.83,12.8
C01152,2030,Undeclared,0,32,2.14,2.91,12
C01587,2030,Undeclared,1,16,3.49,2.7,11.8
C01867,2030,Aeronautical Engineering,1,25,1.93,2.71,16.1
C03993,2030,Undeclared,0,35,2.45,2.06,23.3
C00558,2030,Management,0,19,2.46,1.85,19.8
C02952,2030,Physics,0,32,2.77,2.74,20.9
C01209,2030,Undeclared,1,11,2.36,3.57,20.5
C03101,2030,Meteorology,0,30,2.9,1.77,26.6
C02118,2030,Undeclared,0,9,1.96,2.13,13.4
C00507,2030,Undeclared,1,23,3.74,2.44,11.4
C02042,2030,Management,0,20,2.06,2.33,15.3
C03470,2030,Undeclared,0,27,2.26,2,20.6
C01135,2030,Civil & Environmental Engineering,0,29,2.84,2.71,22.4
C03236,2030,Undeclared,0,34,2.36,2.18,11
C03336,2030,Undeclared,1,12,3.22,3.68,15.8
C00489,2030,Undeclared,0,40,2.46,1.68,12.9
C03563,2030,Undeclared,0,40,2.69,1.54,14.6
C02933,2030,Undeclared,1,5,1.34,3.92,8.8
C01709,2030,Management,1,8,2.1,2.81,14.2
C01306,2030,Political Science,0,7,3.34,3,18.8
C02647,2030,Undeclared,0,1,3.17,2.2,13.9
C00740,2030,Mechanical Engineering,1,37,3.65,3.33,16.1
C03428,2030,Economics,1,29,2.56,2.53,13.8
C00016,2030,Foreign Area Studies,0,17,2.04,3.18,17.8
C03224,2030,Civil & Environmental Engineering,0,21,2.68,2.22,15.3
C01284,2030,Behavioral Sciences,0,29,1.81,3.36,13.8
C02806,2030,Undeclared,0,6,2.06,1.64,19.7
C01636,2030,Undeclared,1,4,3.1,3.88,15.9
C02633,2030,Undeclared,0,20,2.5,2.6,16.9
C00395,2030,Mechanical Engineering,0,21,2.9,2.38,19.1
C00845,2030,Undeclared,0,4,2.41,1.8,12
C01831,2030,Behavioral Sciences,0,2,3.11,2.55,16.8
C00219,2030,Undeclared,1,28,1.54,3.32,9
C02405,2030,Undeclared,0,26,2.58,2.56,19.5
C01922,2030,Management,0,27,3.75,2.91,19.3
C02148,2030,History,1,15,3.2,2.28,17.1
C00495,2030,Undeclared,0,34,2.51,3.1,15.3
C01383,2030,Civil & Environmental Engineering,0,19,2.92,2.17,20.4
C02115,2030,Economics,0,11,1.98,1.43,16.7
C03959,2030,Management,1,2,2.42,2.57,10.9
C02249,2030,Undeclared,1,3,2.96,4,15.6
C01267,2030,Political Science,0,26,2.67,2.33,22.5
C00200,2030,Management,0,38,1.37,2.21,8.2
C03548,2030,Undeclared,1,25,2.9,2.15,18.7
C02601,2030,Undeclared,0,6,3.43,2.22,16.6
C03802,2030,Undeclared,0,29,1.95,2.36,17.4
C01251,2030,Undeclared,0,24,3.12,2.04,21.5
C02021,2030,Undeclared,1,2,1.93,3.06,18.1
C03755,2030,Physics,0,19,2.43,2.07,20.8
C00950,2030,Management,0,23,1.5,2.6,13.6
C00207,2030,Undeclared,0,32,3.06,1.84,22.2
C03780,2030,Political Science,0,4,1.28,2.21,11.9
C03663,2030,Undeclared,1,40,2.97,2.24,14.2
C01275,2030,Legal Studies,1,33,2.48,2.52,16.1
C02102,2030,Undeclared,0,12,1.97,3.15,16.6
C02987,2030,Undeclared,0,23,2.71,1.23,17.2
C00591,2030,Physics,1,23,2.11,2.74,16.6
C02607,2030,Management,0,10,2.25,2.14,11.4
C00930,2030,Undeclared,0,13,2.68,1.79,21.4
C02322,2030,Undeclared,0,16,2.53,2.51,16
C03523,2030,Undeclared,1,2,1.94,3.29,13.9
C02188,2030,Undeclared,0,12,1.78,1.69,13.7
C01037,2030,Undeclared,0,6,2.18,1.84,13.3
C03145,2030,Undeclared,0,40,2.67,2.24,15.9
C02087,2030,Management,0,23,3.04,2.72,13.1
C01315,2030,Management,0,33,3.22,2.76,19.7
C00942,2030,History,1,36,3.24,3.03,17.5
C01406,2030,Astronautical Engineering,1,30,3.36,2.42,20.3
C03521,2030,Mechanical Engineering,0,37,3.16,2.9,21
C03082,2030,Data Science,0,34,2.5,2.56,24.1
C02346,2030,Undeclared,0,21,3.04,2.17,16.4
C01416,2030,Undeclared,1,18,2.95,3.82,17.1
C01828,2030,Biology,0,18,3.25,1.87,22.1
C01850,2030,Undeclared,0,28,1.76,3.02,16.6
C03265,2030,Undeclared,0,16,2.45,1.9,15.6
C02384,2030,Undeclared,1,37,2.24,3.47,11.1
C01667,2030,Undeclared,0,17,1.96,2.28,17
C00022,2030,Undeclared,0,30,2.12,3.15,20.7
C03759,2030,Undeclared,1,1,3.07,2.48,11.5
C00555,2030,Undeclared,0,5,1.03,2.9,15.6
C02575,2030,Undeclared,1,35,2.72,3.5,17.2
C01044,2030,Undeclared,0,39,2.62,2.46,23.2
C01160,2030,Undeclared,0,9,2.51,2.4,14.9
C01829,2030,Undeclared,1,28,1.12,2.27,6.7
C03367,2030,Undeclared,0,7,2,2.99,15.9
C02602,2030,Undeclared,1,13,2.13,4,7.6
C00400,2030,Undeclared,1,25,2.89,2.87,17.5
C03362,2030,Undeclared,0,32,2.3,2.01,11.5
C02377,2030,Undeclared,0,1,2.9,1.76,13.5
C03840,2030,Systems Engineering,0,14,3.2,2.5,21.1
C01884,2030,Mathematical Sciences,0,29,1.5,2.28,20
C03257,2030,Undeclared,1,9,1.57,2.72,15.6
C02784,2030,History,0,4,2.6,2.63,21.7
C04022,2030,Management,0,10,1.65,1.19,12.5
C03376,2030,History,1,33,1.68,3.53,12.2
C03659,2030,Undeclared,0,9,2.85,1.92,17.6
C01838,2030,Undeclared,0,4,0.99,2.75,10
C00397,2030,Undeclared,0,17,2.62,2.57,15
C01694,2030,Undeclared,0,13,2.52,2.24,19
C03104,2030,Operations Research,0,12,2.85,1.96,15.8
C02732,2030,Civil & Environmental Engineering,0,25,2.03,2.63,18.7
C02700,2030,Undeclared,0,27,1.94,2.48,10.4
C02999,2030,Systems Engineering,0,39,1.6,2.55,19.2
C02425,2030,Mechanical Engineering,0,9,2.77,3,18.3
C02036,2030,Aeronautical Engineering,0,1,3.23,2.31,22.5
C03859,2030,Economics,0,7,3.16,2.1,17.4
C01410,2030,Undeclared,0,26,3.3,1.73,21.2
C03180,2030,Undeclared,1,13,2.82,3.4,18.3
C03968,2030,Undeclared,0,6,3.18,2.71,17
C00011,2030,Undeclared,1,40,2.47,2.86,12
C01909,2030,Undeclared,0,38,2.92,2.13,16.1
C03672,2030,Undeclared,1,22,2.84,3.23,14.7
C01080,2030,Political Science,1,16,2.31,3.23,16
C03179,2030,Undeclared,0,34,3.33,1.85,14.8
C00230,2030,Undeclared,1,10,2.85,2.52,17.7
C01244,2030,Cyber Science,1,37,2.78,2.81,12.9
C00365,2030,Undeclared,0,17,2.93,2.26,16.5
C02449,2030,Aeronautical Engineering,0,28,4,2.84,26.4
C00186,2030,Undeclared,1,6,2.28,3.96,9.6
C00975,2030,Astronautical Engineering,0,8,3.56,2.01,25.4
C03921,2030,Systems Engineering,1,10,2.4,2.26,17.8
C01834,2030,Undeclared,1,6,1.49,3.42,19
C01538,2030,Undeclared,0,22,3.42,2.77,19.6
C02222,2030,Undeclared,0,33,2.69,2.64,19.5
C02378,2030,Computer Science,1,12,2.03,2.66,17.4
C03084,2030,Undeclared,0,20,3.39,1.95,19.8
C00366,2030,Computer Science,0,29,2.73,1.61,20.8
C02435,2030,Undeclared,1,9,3.35,3.13,12.4
C02690,2030,Management,1,4,1.64,4,12.4
C01013,2030,Systems Engineering,0,12,3.02,2.26,24.2
C00494,2030,Undeclared,1,19,2.78,2.7,14.8
C02974,2030,Management,0,24,2.82,2.09,10.6
C00249,2030,Undeclared,0,13,3.26,2.34,13.7
C03430,2030,Undeclared,1,9,2.82,3.33,17
C01178,2030,Management,0,7,1.85,2.03,14.3
C02900,2030,Undeclared,0,9,1.38,2.26,16
C02581,2030,Undeclared,0,36,2.5,1.26,12.2
C01343,2030,Undeclared,0,9,2.18,2.4,12.3
C03296,2030,Undeclared,1,30,1.55,3.07,13.7
C02047,2030,Undeclared,1,12,1.31,4,6.3
C03777,2030,Undeclared,0,3,3.25,2.59,15.5
C01099,2030,Undeclared,0,7,2.26,1.97,18.2
C01773,2030,Undeclared,1,26,2.91,2.8,18.5
C00857,2030,Undeclared,0,27,2.3,2.31,15
C02068,2030,Physics,1,38,2.26,2.32,19.2
C01656,2030,Undeclared,1,29,2.3,4,10.6
C03052,2030,Undeclared,0,23,1.65,3.45,16.6
C02813,2030,Political Science,0,32,1.32,2.51,17.7
C01557,2030,Undeclared,0,16,3.59,1.74,17.1
C01162,2030,Undeclared,0,12,2.78,2.79,21.4
C03866,2030,Electrical & Computer Engineering,1,26,2.83,2.97,16.9
C03441,2030,History,1,33,0.93,3.09,9.9
C02978,2030,Undeclared,1,22,1.73,3.94,10.6
C02526,2030,Management,1,13,2.48,3.21,9.6
C03448,2030,Undeclared,0,10,2.9,1.97,19.1
C03269,2030,Systems Engineering,1,30,2.28,3.91,13.4
C00770,2030,Undeclared,1,27,2.04,4,19
C00699,2030,Undeclared,1,7,2.28,3.04,13.5
C03475,2030,Undeclared,1,17,2.94,3.17,18.8
C01564,2030,Geospatial Science,0,30,2.5,1.98,20.7
C01562,2030,Biology,1,1,2.61,3.03,15.1
C00172,2030,Undeclared,0,14,2.23,2.42,16
C03334,2030,Undeclared,0,32,3.18,1.11,20.7
C03887,2030,Undeclared,0,13,2.01,2.52,20.5
C00877,2030,Undeclared,0,8,1.94,3.15,21
C00425,2030,Management,0,28,3.51,2.15,12.2
C02596,2030,Undeclared,1,7,3.29,2.33,15.8
C03607,2030,Undeclared,1,39,2.73,4,18.4
C00883,2030,Undeclared,0,5,2.43,2.73,14.2
C03984,2030,Undeclared,0,19,2.4,2.06,17.9
C00099,2030,Undeclared,1,37,2.77,3.67,13.5
C03570,2030,Undeclared,1,5,2.24,3.31,8.7
C02663,2030,Undeclared,0,35,3.11,2.41,18.9
C00098,2030,Undeclared,0,23,1.68,2.06,15.2
C00338,2030,Undeclared,0,21,1.3,2.33,16.6
C03875,2030,Political Science,0,38,2.61,2.29,15.4
C03415,2030,Physics,0,31,2.5,2.46,19.7
C01793,2030,Undeclared,0,15,3.14,2.05,20
C03451,2030,Undeclared,0,37,2.26,2.99,16
C02487,2030,Undeclared,0,32,2.22,2.69,21.1
C00747,2030,Undeclared,0,21,2.85,2.09,17.8
C03314,2030,Undeclared,0,35,1.8,2.51,16.5
C03397,2030,Undeclared,1,15,2.54,3.51,14.3
C02834,2030,Undeclared,0,18,3.53,2.24,22.8
C01558,2030,Civil & Environmental Engineering,0,11,4,2.43,28.9
C01430,2030,Behavioral Sciences,0,8,2.5,1.84,19.5
C03127,2030,English,1,9,2.51,3.71,13.9
C03982,2030,Computer Science,1,9,2.31,3.06,16
C02791,2030,Undeclared,1,20,2.06,3.32,10.4
C03038,2030,Astronautical Engineering,1,22,1.56,2.77,20.1
C00021,2030,Physics,0,29,2.19,1.17,17.9
C02255,2030,Philosophy,0,15,2.82,2.05,17.1
C01301,2030,Economics,0,15,1.88,2.97,11.8
C02403,2030,Undeclared,0,11,2.44,2.08,12.2
C03046,2030,Undeclared,1,24,3.59,2.94,15.9
C01159,2030,Military & Strategic Studies,0,1,0.5,2.08,12.3
C02060,2030,Astronautical Engineering,0,7,3.34,3,21.7
C02566,2030,Undeclared,0,24,1.97,2.12,14.9
C01574,2030,Undeclared,1,5,2.66,3.38,6.5
C01283,2030,Management,1,31,2.12,3.48,10.2
C00277,2030,Chemistry,0,32,3.55,2.22,20.2
C03686,2030,Management,0,19,1.61,1.88,10
C02704,2030,Behavioral Sciences,1,18,1.85,3.38,17
C03565,2030,Undeclared,0,24,2.51,2.24,22.8
C01220,2030,Undeclared,0,3,2.27,2.42,21.1
C02656,2030,Undeclared,1,38,2.21,2.88,9.5
C00441,2030,Political Science,1,9,2.14,3.24,12.4
C00657,2030,Undeclared,0,38,1.78,1.33,15.7
C02694,2030,Undeclared,0,23,1.47,2.35,14.9
C00902,2030,Computer Science,1,17,2.85,3.26,15.4
C03020,2030,Aeronautical Engineering,1,26,2.85,3.44,19.5
C01769,2030,Undeclared,1,11,2.64,3.41,11.9
C02882,2030,Undeclared,1,26,1.53,2.94,11
C02695,2030,Undeclared,0,11,1.49,2.27,8.8
C01573,2030,Undeclared,1,17,3,3.28,14.5
C00229,2030,Undeclared,0,25,1.65,2.32,16.2
C00203,2030,Undeclared,0,13,2.59,2.72,17.6
C03375,2030,Undeclared,0,30,3.44,2.44,23.9
C01393,2030,Undeclared,0,31,2.44,2.73,15.9
C02308,2030,Undeclared,0,4,1.94,1.87,15.5
C02493,2030,Computer Science,1,12,2.79,2.34,19.6
C01518,2030,Undeclared,0,4,3.71,2.09,20.3
C02930,2030,Undeclared,1,37,2.42,3.09,15.6
C00469,2030,Undeclared,0,2,2.27,2.75,13
C01508,2030,Undeclared,1,40,2.7,3.75,11.7
C03150,2030,Undeclared,0,17,3.09,2.32,14.1
C03091,2030,Undeclared,0,4,0.89,1.72,8.5
C02091,2030,Geospatial Science,0,23,2.02,1.69,19.6
C00162,2030,Undeclared,0,24,2.97,2.42,21.8
C03589,2030,Undeclared,0,10,0.4,1.67,10.2
C03535,2030,Mathematical Sciences,0,40,3.04,2.1,21.2
C00761,2030,Undeclared,1,38,2.4,2.24,9.9
C00299,2030,Undeclared,0,11,1.8,2.95,15.4
C00855,2030,Undeclared,1,36,1.31,3.28,8.4
C00927,2030,Undeclared,0,21,1.86,1.87,12.8
C00592,2030,Undeclared,0,36,2.62,2.45,12.8
C01952,2030,Undeclared,0,5,3.74,2.67,12.4
C02344,2030,Undeclared,1,7,2.52,3.49,15.6
C01187,2030,Cyber Science,0,40,3.39,2.21,20.2
C02133,2030,Undeclared,1,37,2.81,2.27,14.1
C03085,2030,Undeclared,1,31,3.33,2.92,22
C03464,2030,Undeclared,1,6,1.11,3.64,12.2
C02204,2030,Management,0,35,2.4,2.52,14.1
C01642,2030,Undeclared,0,36,1.22,1.84,16.3
C03880,2030,Undeclared,1,21,2.71,3.11,14
C00457,2030,Undeclared,0,22,2.45,1.55,12.9
C01659,2030,Undeclared,0,4,2.48,2.28,19.3
C03592,2030,Undeclared,0,31,2.65,2.04,21.7
C02545,2030,Behavioral Sciences,1,32,2.62,3.48,10.8
C02748,2030,Undeclared,0,26,1.82,1.77,15.9
C03675,2030,Undeclared,0,33,2.28,1.78,13.6
C03853,2030,Undeclared,0,5,3.95,2.09,17
C00115,2030,Undeclared,1,5,2.35,4,17
C03834,2030,Undeclared,0,7,1.69,2.06,16.9
C02799,2030,Undeclared,0,15,3.07,2.74,19.4
C01358,2030,Systems Engineering,1,17,3.87,3.51,19.6
C02359,2030,Undeclared,1,25,2.53,2.81,12.6
C01058,2030,Undeclared,1,18,2.44,2.84,9.9
C00201,2030,Undeclared,0,40,3.13,2.25,13.9
C01185,2030,Undeclared,0,4,3.16,2.05,18.6
C01776,2030,Undeclared,0,35,3.18,2.6,20.7
C01130,2030,Management,1,2,3.32,2.9,16.2
C01640,2030,Undeclared,0,29,2.27,2.23,19.1
C03323,2030,Undeclared,0,35,1.51,2.57,16.7
C03744,2030,Undeclared,1,14,2.2,3.22,7.8
C01046,2030,Undeclared,0,15,1.53,2.84,14.3
C01729,2030,Undeclared,0,38,2.53,2.12,17.8
C01767,2030,Economics,0,32,1.88,1.96,17.3
C01808,2030,Undeclared,0,15,2.86,1.95,18
C01207,2030,Legal Studies,0,6,2.54,2.13,17.2
C02421,2030,Systems Engineering,0,9,2.9,3.03,18.2
C03829,2030,Undeclared,0,31,2.46,1.94,18.2
C00887,2030,Undeclared,0,35,1.33,2.09,8.9
C02112,2030,Undeclared,1,12,2.76,2.36,16.5
C01612,2030,Undeclared,0,13,1.88,1.8,9.4
C01268,2030,Undeclared,0,21,3.22,1.9,14.3
C00080,2030,Undeclared,0,19,2.89,2.68,15
C02994,2030,Aeronautical Engineering,0,31,2.29,1.61,22.6
C02201,2030,Undeclared,0,21,2.39,1.79,17.4
C03439,2030,Undeclared,0,11,1.46,3.18,17.2
C00031,2030,Undeclared,1,19,3.22,2.88,18.1
C02595,2030,Aeronautical Engineering,0,12,3.55,2.99,24.8
C02787,2030,Computer Science,0,32,2.73,3.3,19.5
C01650,2030,Undeclared,0,29,2.02,2.45,15.2
C03476,2030,Meteorology,0,21,3.49,2.5,18.3
C02588,2030,Undeclared,0,26,2.37,1.83,19.7
C00060,2030,Mechanical Engineering,0,31,2.8,2.27,25
C02336,2030,Undeclared,1,15,2.01,3.01,12.3
C02884,2030,Undeclared,1,14,2.4,2.94,8.2
C01606,2030,Economics,1,23,3.31,3.26,15
C01896,2030,Undeclared,1,40,2.79,2.92,10.8
C03969,2030,Management,0,7,2.26,1.96,12.2
C00949,2030,Management,0,6,1.66,3.11,13.2
C01883,2030,Undeclared,1,8,3.22,3.24,12.8
C01824,2030,Meteorology,0,14,2.77,2.8,22
C00985,2030,Undeclared,0,10,3.68,2.21,15.3
C02141,2030,Economics,0,13,1.88,1.16,20.1
C03949,2030,Undeclared,0,28,2.31,2.53,13.8
C02225,2030,Undeclared,0,15,3.45,2.48,13.9
C01335,2030,Undeclared,1,32,2.45,3.45,13
C03967,2030,Undeclared,0,20,2.97,1.99,17
C01279,2030,Systems Engineering,0,11,3.3,2.11,23.4
C02057,2030,Legal Studies,0,12,1.73,2.43,16
C02292,2030,Civil & Environmental Engineering,1,23,2.75,3.49,14.3
C00305,2030,Undeclared,1,4,2.69,3.45,13
C03667,2030,Undeclared,1,9,2.14,3.09,14.7
C02117,2030,Undeclared,0,13,2.94,2.85,14.7
C03251,2030,Undeclared,0,7,3.44,2.24,21.8
C02460,2030,Undeclared,0,26,2.7,2.04,22.7
C02423,2030,Undeclared,0,36,1.54,2.85,15.6
C02953,2030,Undeclared,0,31,3.02,1.77,15.5
C03784,2030,Undeclared,1,5,2.68,3.01,12.4
C03316,2030,Undeclared,0,8,1.36,1.86,9.9
C02266,2030,Undeclared,0,1,2.04,2.86,14.6
C02351,2030,Management,0,35,3.09,2.19,17
C03534,2030,Undeclared,0,22,3.91,1.65,16.9
C00799,2030,Undeclared,1,4,2.98,2.76,19
C01089,2030,Political Science,0,30,2.41,2.04,17.5
C00783,2030,Undeclared,0,22,3.77,1.63,20.2
C01144,2030,Undeclared,0,29,2.65,1.17,22.4
C00939,2030,Military & Strategic Studies,1,31,2.42,2.98,13.9
C01469,2030,Undeclared,1,14,1.7,3.16,11
C03527,2030,Physics,0,10,2.25,2.32,22.4
C01677,2030,Behavioral Sciences,1,40,2.66,3.39,10.5
C03944,2030,Undeclared,0,17,2.11,2.11,18.1
C00158,2030,Undeclared,0,1,2.37,2.6,17.1
C01150,2030,Undeclared,1,23,1.77,3.19,9.7
C00960,2030,Management,0,20,3.13,1.89,18.1
C00523,2030,Undeclared,1,38,2.34,2.6,9.7
C01179,2030,Undeclared,0,16,2.73,2.62,20.4
C01045,2030,Undeclared,0,17,1.72,2.5,14.8
C02920,2030,Undeclared,0,6,3.03,2.65,12.6
C00694,2030,Mathematical Sciences,0,38,2.14,2.74,16
C03401,2030,Undeclared,0,30,2.22,0.55,20.6
C01624,2030,Undeclared,0,34,3.32,2.52,14.9
C01017,2030,Aeronautical Engineering,0,15,3.22,2.57,25
C03738,2030,Undeclared,0,17,2.65,2.73,15.9
C01461,2030,Management,0,29,2.13,2.29,12.6
C00753,2030,Management,1,15,2.14,2.55,12.8
C02009,2030,Systems Engineering,1,13,2.47,3.55,14.7
C00354,2030,Undeclared,0,30,3.01,2.05,13.2
C00735,2030,Undeclared,0,27,1.65,1.26,11.9
C00364,2030,Undeclared,0,13,1.8,1.31,15.7
C03926,2030,Cyber Science,1,13,3.58,3.18,20
C02662,2030,Undeclared,1,36,3.58,3.47,18.8
C00750,2030,Military & Strategic Studies,1,30,1.07,3.71,9.8
C01735,2030,Undeclared,0,39,3.16,2.06,10.6
C00121,2030,Undeclared,0,27,2.55,1.36,13.7
C03708,2030,Undeclared,0,27,2.07,1.88,16.1
C03658,2030,Meteorology,0,12,2.8,2.1,22.2
C03636,2030,Undeclared,0,28,2.51,3.22,24.9
C03832,2030,Undeclared,0,21,2.68,2.1,15.9
C01276,2030,Cyber Science,0,33,2.24,2.76,25.4
C03533,2030,Biology,0,15,3.59,2.61,19.1
C03444,2030,Economics,0,23,2.49,1.6,17.6
C00136,2030,Undeclared,0,2,2.24,1.7,14.7
C00234,2030,Undeclared,0,12,3.32,2.58,16.1
C03350,2030,Systems Engineering,0,8,1.92,1.14,15
C00467,2030,Undeclared,1,5,3,3.37,14.2
C01730,2030,Undeclared,0,16,3.21,2.82,11.6
C01438,2030,Undeclared,1,10,3.11,3.63,18.8
C00212,2030,Undeclared,0,27,1.5,2.4,15.9
C00438,2030,Undeclared,0,39,2.38,2.22,18.6
C03827,2030,Management,0,25,2.27,3.31,13.2
C04012,2030,Undeclared,1,2,2.59,3.44,10.7
C04010,2030,Undeclared,0,40,1.91,2.52,19.2
C01971,2030,Undeclared,0,24,1.53,2.25,10.9
C00139,2030,Astronautical Engineering,0,37,3.35,2.22,22.4
C01140,2030,Undeclared,1,32,3.1,2.77,14.8
C03510,2030,Undeclared,1,8,2.07,4,17.1
C02279,2030,Undeclared,1,6,2.31,2.98,13.2
C03024,2030,Electrical & Computer Engineering,0,30,3.13,2.11,25.3
C03630,2030,Undeclared,1,40,2.87,3.39,15.3
C02055,2030,Systems Engineering,1,40,1.65,3.26,16
C03131,2030,Systems Engineering,0,3,1.94,3.41,18.2
C01043,2030,Undeclared,0,13,2.69,2.99,19.5
C00742,2030,Undeclared,1,26,2.89,3.7,9.2
C01028,2030,Undeclared,0,15,2.68,2.48,17.6
C03954,2030,Undeclared,0,10,2.88,2.27,15.7
C01460,2030,Undeclared,1,35,1.88,3.11,11
C00505,2030,Undeclared,1,1,2.89,2.95,18.1
C01116,2030,Undeclared,0,38,2.41,2.14,14.9
C01639,2030,Undeclared,1,28,2.24,3.63,16.9
C02619,2030,Undeclared,0,39,2.64,2.87,22.8
C02412,2030,Undeclared,0,8,2.77,1.81,22.9
C00530,2030,Undeclared,1,35,3.82,2.5,17.1
C00309,2030,Undeclared,0,33,1.84,2.18,15.6
C01493,2030,Undeclared,1,24,2.8,3.97,20
C03169,2030,Undeclared,1,3,1.95,2.59,13.5
C00220,2030,Undeclared,0,14,2.61,2.37,14
C00830,2030,Undeclared,0,10,3.58,1.84,20.8
C03769,2030,Undeclared,1,14,1.87,3.87,17.4
C03547,2030,Undeclared,0,22,0.7,2.72,14
C01300,2030,Undeclared,0,3,2.34,2.21,22.4
C03698,2030,Undeclared,1,10,3.05,4,12.7
C00788,2030,Aeronautical Engineering,0,10,2.05,2.15,17.5
C01109,2030,Undeclared,1,16,1.88,3.43,15.6
C03048,2030,Behavioral Sciences,0,20,3.07,2.5,16.8
C03170,2030,Undeclared,0,14,1.53,2.36,12
C00882,2030,Systems Engineering,1,20,3.77,3.34,22.2
C02401,2030,Undeclared,0,25,1.85,2.73,12.3
C01842,2030,Political Science,1,22,3.05,3.08,15.3
C01873,2030,Undeclared,1,3,2.7,3.84,14.8
C03836,2030,Undeclared,0,10,2.2,1.55,15
C01071,2030,Mechanical Engineering,1,32,3.4,2.93,21.2
C03189,2030,Undeclared,0,18,3.61,1.87,24.4
C01570,2030,Behavioral Sciences,0,2,2.9,3.46,20.5
C02258,2030,Management,1,36,3.28,3.41,16.6
C03321,2030,Data Science,0,22,2.79,1.36,19.5
C00723,2030,Civil & Environmental Engineering,1,40,0.6,4,17.1
C03380,2030,Undeclared,1,38,3.32,2.83,15
C01092,2030,Undeclared,0,32,3.26,2.53,17.2
C01124,2030,Mechanical Engineering,1,32,2.31,2.55,15.1
C03797,2030,Undeclared,1,11,3.48,3.49,17.5
C02140,2030,Mechanical Engineering,0,21,2.42,1.99,19.2
C00240,2030,Undeclared,0,9,3.69,1.51,20.5
C01605,2030,Undeclared,0,26,2.43,2.15,19.1
C02564,2030,Undeclared,0,11,2.73,1.83,15.6
C00278,2030,Undeclared,0,40,1.23,2.27,18
C01451,2030,Undeclared,1,32,2.25,3.3,15.8
C00640,2030,Economics,1,30,2.6,3.66,14.2
C00269,2030,Undeclared,1,26,3.02,3.54,13.4
C01269,2030,Undeclared,1,39,1.4,3.8,5.9
C02173,2030,Computer Science,0,26,3,2.44,19.3
C00074,2030,Computer Science,0,31,2.94,3.03,23.8
C00131,2030,Foreign Area Studies,1,36,1.28,2.82,12.2
C01115,2030,Undeclared,0,2,1.42,2.8,16.4
C00564,2030,Undeclared,0,22,1.37,2.53,11
C00224,2030,Undeclared,0,9,2.5,2.21,16.8
C04028,2030,Geospatial Science,0,35,2.99,2.38,18.8
C00419,2030,Undeclared,1,19,2.85,3.54,11.6
C00402,2030,Chemistry,1,3,2.41,2.84,9.1
C02041,2030,Undeclared,1,17,2.27,2.85,12.4
C03330,2030,Civil & Environmental Engineering,1,7,2.89,3.08,18.5
C01760,2030,Undeclared,0,8,1.97,3.15,14.9
C00792,2030,Mathematical Sciences,0,11,2.83,1.85,18.8
C03434,2030,Undeclared,0,21,1.42,2.05,19.1
C02719,2030,Economics,1,29,2.57,2.85,15.6
C02608,2030,Undeclared,0,37,2.97,1.4,17.2
C01040,2030,Management,1,39,2.64,4,8.7
C03157,2030,Undeclared,1,36,3.33,3.16,14.2
C03360,2030,Undeclared,0,18,1.45,1.6,11
C03619,2030,Undeclared,0,20,3.34,3.06,18.3
C02685,2030,Undeclared,1,17,2.2,2.81,17
C01914,2030,Civil & Environmental Engineering,1,1,2.09,3.02,10.1
C00679,2030,Undeclared,0,17,2.71,2.27,16.1
C00635,2030,Biology,1,32,2.69,3.02,18
C00892,2030,Undeclared,0,11,1.48,2.35,13.8
C02507,2030,Civil & Environmental Engineering,0,24,2.9,1.75,19.2
C01688,2030,Undeclared,0,24,2.48,2.48,13
C03691,2030,Undeclared,0,8,3.08,2.28,17.9
C02461,2030,Computer Science,1,3,3.11,3.11,17.8
C01826,2030,Systems Engineering,1,19,3.56,2.94,22.6
C04027,2030,Undeclared,0,9,2.26,1.24,14.9
C00619,2030,Military & Strategic Studies,0,34,1.91,2.18,14.1
C00102,2030,Undeclared,0,35,1.49,1.43,13.3
C02568,2030,Undeclared,1,20,3.27,2.1,17.3
C03446,2030,Undeclared,0,12,2,2.76,9.9
C02644,2030,Undeclared,1,5,2.62,3.77,8.9
C00033,2030,Astronautical Engineering,0,27,2.62,2.42,16.7
C00659,2030,Undeclared,0,32,2.7,0.89,15
C01214,2030,Undeclared,0,8,3.01,1.57,19
C00569,2030,Management,0,27,2.41,2.58,16.5
C03913,2030,Undeclared,0,27,2.74,2.34,18.4
C00183,2030,Aeronautical Engineering,1,29,2.18,2.89,13.5
C00843,2030,Undeclared,0,39,3.42,1.68,25
C02338,2030,Mechanical Engineering,0,3,4,2.68,22
C01230,2030,Undeclared,0,9,2.62,1.55,17.2
C03193,2030,Undeclared,0,4,1.74,1.78,13
C01908,2030,Undeclared,0,40,2.09,2.11,11.7
C00184,2030,Undeclared,1,25,2.41,2.7,14.3
C02393,2030,Undeclared,1,13,2.53,2.99,17.3
C01050,2030,Undeclared,0,30,3.63,1.84,16.5
C02385,2030,Undeclared,0,31,3.67,3.15,21.1
C01468,2030,Undeclared,0,21,2.83,2.43,11.8
C03865,2030,Undeclared,0,18,2.3,2.54,19.7
C02202,2030,Undeclared,1,12,3.16,3.16,19
C00906,2030,Undeclared,1,18,1.4,2.78,10.7
C00119,2030,Undeclared,0,30,2.35,2.33,15.6
C01032,2030,Civil & Environmental Engineering,0,33,2.22,3.09,18.7
C02179,2030,Civil & Environmental Engineering,1,17,4,3.49,23.6
C03551,2030,Systems Engineering,0,37,3.25,1.81,23.6
C02314,2030,Undeclared,1,40,1.85,4,12.7
C03830,2030,Undeclared,1,29,3.84,3.55,15.3
C01295,2030,Undeclared,0,5,3.03,1.74,18.8
C00449,2030,Undeclared,1,36,1.9,3.4,13.6
C00221,2030,Undeclared,0,9,2.9,2.05,14.1
C03626,2030,Undeclared,1,40,2.01,3.47,15.3
C00708,2030,Undeclared,1,10,2.4,3.73,9.4
C02098,2030,Undeclared,0,40,2.29,2.92,16
C01354,2030,Undeclared,0,34,2.88,2.08,13
C01222,2030,Undeclared,0,37,2.79,2.12,18.3
C03342,2030,Aeronautical Engineering,0,5,2.12,1.94,21.9
C00095,2030,Management,1,20,2.08,3.4,8.8
C03499,2030,Cyber Science,0,34,2.81,1.86,19.9
C01093,2030,Physics,1,19,2.02,3.12,16.1
C03181,2030,Undeclared,0,5,2.22,1.27,15.6
C03994,2030,Undeclared,1,4,3,3.01,12.2
C00504,2030,Biology,1,25,2.33,2.84,17.1
C00464,2030,Undeclared,0,19,2.06,2.39,16.3
C02319,2030,Legal Studies,0,20,2.43,1.68,17.4
C01176,2030,Military & Strategic Studies,1,6,1.99,3.17,12.2
C03566,2030,Undeclared,0,6,2.66,2.03,17.9
C01224,2030,Undeclared,1,16,1.78,3.58,19.7
C03604,2030,Undeclared,0,36,2.91,1.53,18
C01440,2030,Systems Engineering,1,27,3.64,2.21,18.1
C03259,2030,Undeclared,0,3,3.24,2.51,16.1
C00218,2030,Economics,0,17,2.24,3.04,19.6
C00609,2030,Undeclared,0,8,2.56,1.88,18.9
C02099,2030,Undeclared,0,17,3.77,1.88,20.2
C03057,2030,Undeclared,0,36,2.67,1.29,18.1
C03642,2030,Undeclared,0,21,2.85,2.84,21.8
C00872,2030,Undeclared,0,16,2.14,2.41,14.4
C01473,2030,Undeclared,0,27,3.89,2.15,25.6
C02241,2030,Undeclared,1,22,2.3,2.96,11
C00177,2030,Mathematical Sciences,1,2,1.8,3.55,16.7
C00014,2030,Undeclared,1,5,2.38,2.76,9.1
C00379,2030,Undeclared,0,38,2.92,1.12,13.6
C02264,2030,Economics,0,21,2.18,2.45,16.7
C02899,2030,Undeclared,0,27,1.48,2.7,18.5
C02286,2030,Military & Strategic Studies,1,9,1.45,2.53,11.2
C03940,2030,Undeclared,0,17,2.28,2.83,13.8
C01321,2030,Astronautical Engineering,0,6,3.7,1.16,25.3
C00188,2030,Political Science,0,19,1.91,1.63,14.7
C01816,2030,Computer Science,0,17,3.27,2.39,23.4
C00903,2030,Undeclared,0,18,2.57,1.96,19.7
C00787,2030,Undeclared,1,15,2.86,2.49,12.5
C01843,2030,Biology,1,11,1.62,2.72,18.1
C00161,2030,Undeclared,1,35,2.81,2.52,9.4
C03854,2030,Philosophy,1,5,2.03,3.04,17.1
C00210,2030,Undeclared,0,28,2.18,2.86,15.1
C02355,2030,Civil & Environmental Engineering,0,14,1.74,2.67,19.7
C00999,2030,Undeclared,0,34,3.45,1.63,22.6
C01341,2030,Undeclared,0,21,3.78,2.6,17.8
C02991,2030,Computer Science,0,16,2.62,2.61,19.9
C00006,2030,Physics,1,35,1.95,3.81,13.5
C02753,2030,Undeclared,0,21,3.11,1.36,15.6
C02492,2030,Undeclared,0,7,2.5,3.11,17.5
C00827,2030,Military & Strategic Studies,1,15,2.92,3.31,12.7
C02430,2030,Undeclared,0,14,2.19,2.07,11.9
C02478,2030,Economics,0,25,3.8,2.68,16.5
C02154,2030,Biology,1,36,2.63,2.81,14.9
C01630,2030,Undeclared,1,33,2.73,2.61,13.4
C01298,2030,Undeclared,1,18,2.21,2.81,12
C02480,2030,Undeclared,0,34,3.44,2.38,20.9
C01638,2030,Undeclared,0,20,2.01,2.14,14.8
C02911,2030,Undeclared,1,6,1.48,2.62,10
C02850,2030,Undeclared,0,30,3.5,2.16,16.6
C03496,2030,Chemistry,1,17,2.96,3.14,20.8
C00889,2030,Astronautical Engineering,0,40,2.98,2.39,24.8
C02361,2030,Mathematical Sciences,0,13,2.15,2.34,13.3
C02156,2030,Computer Science,1,36,4,3.81,25.1
C03080,2030,Chemistry,0,38,2.46,2.07,19.7
C01314,2030,Undeclared,1,10,2.55,4,15.5
C03528,2030,Undeclared,0,32,3.27,2.24,18.6
C00912,2030,Undeclared,0,22,3.34,2.13,21.1
C01091,2030,Civil & Environmental Engineering,1,7,2.91,3.43,18.9
C02680,2030,Undeclared,1,23,2.79,3.72,15.3
C03053,2030,Undeclared,1,35,1.37,3.51,9.6
C01502,2030,Systems Engineering,0,15,2.16,2.01,14.6
C02535,2030,Undeclared,1,24,2.57,3.88,13.4
C01348,2030,Computer Science,0,4,2.85,1.44,20.2
C01235,2030,Undeclared,1,16,2.14,2.36,14.2
C00552,2030,Political Science,0,3,3.13,2.33,14.4
C03283,2030,Undeclared,0,36,1.77,2.76,17
C00149,2030,Political Science,1,12,2.42,2.41,16.4
C01424,2030,Military & Strategic Studies,0,30,1.47,2.37,18.8
C00100,2030,Undeclared,0,14,2.7,1.79,13.6
C02500,2030,Cyber Science,0,22,2.99,3.34,19.9
C01531,2030,Undeclared,1,31,2.44,3.17,12.7
C03140,2030,Behavioral Sciences,0,6,2.21,2.57,14.2
C00596,2030,Civil & Environmental Engineering,0,33,3.7,1.72,22.7
C01680,2030,Undeclared,0,26,2.44,1.61,16.6
C02579,2030,Undeclared,1,20,2.48,3.15,13.1
C01257,2030,Undeclared,1,15,2.61,3.68,7.9
C00315,2030,Undeclared,0,31,2.04,1.94,14.3
C03147,2030,Undeclared,0,7,2.11,2.67,15.8
C00418,2030,Physics,0,33,2.69,2.13,23
C03761,2030,Undeclared,0,32,2.41,2.28,12.9
C01903,2030,Undeclared,1,7,2.28,3.92,10.1
C02615,2030,Biology,0,21,3.4,2,25.1
C02817,2030,Undeclared,0,39,2.84,1.35,17.7
C02342,2030,Undeclared,0,1,1.14,2.41,17
C02203,2030,Undeclared,1,24,2.38,3.81,16.8
C03093,2030,Undeclared,0,40,2.19,1.71,11.8
C02160,2030,Undeclared,0,25,1.62,3.22,15.2
C02525,2030,Economics,0,29,1.66,2.89,19.2
C02072,2030,Undeclared,1,27,3.1,4,9.3
C02025,2030,Undeclared,0,25,2.16,1.72,14.4
C02549,2030,Undeclared,0,21,1.84,2.08,10.2
C01516,2030,Undeclared,0,1,2.17,1.4,17.2
C03684,2030,Undeclared,0,8,2.17,1.54,17
C01662,2030,Management,1,15,0.89,3.16,8.2
C03721,2030,Political Science,1,22,1.94,3.95,20.4
C03320,2030,Undeclared,1,21,2.01,3.28,11.8
C03291,2030,Biology,0,39,2.77,1.39,16.8
C01189,2030,Aeronautical Engineering,1,8,3.26,2.75,18.4
C01766,2030,Philosophy,0,5,1.71,2.41,10.9
C00979,2030,Undeclared,1,37,2.72,4,15.4
C00387,2030,Undeclared,0,25,0.97,2.23,14.2
C00973,2030,Undeclared,0,3,1.31,0.73,12.6
C00772,2030,Undeclared,1,7,2.4,3.78,18.2
C02332,2030,Undeclared,0,10,1.91,1.91,10.9
C00576,2030,Undeclared,1,25,1.67,3.1,9.8
C02343,2030,Undeclared,1,8,3.15,3.72,18.4
C01332,2030,Undeclared,0,19,2.62,1.52,18.4
C00842,2030,Undeclared,0,5,2.16,1,11.9
C01814,2030,Undeclared,0,37,2.43,3.19,15.8
C02848,2030,Undeclared,1,24,2.34,2.89,10.7
C02208,2030,Undeclared,0,28,2.11,2.48,12.9
C01400,2030,Chemistry,0,25,2.36,2.4,16.6
C01882,2030,Undeclared,1,11,1.17,3.25,13.5
C03204,2030,Foreign Area Studies,1,39,2.76,2.44,22.8
C03308,2030,Undeclared,0,9,2.12,1.83,16.7
C00918,2030,Undeclared,0,24,3.13,1.96,23.7
C03340,2030,Undeclared,0,36,2.85,1.81,21.2
C00573,2030,Legal Studies,0,18,3.18,2.51,14.1
C03572,2030,Undeclared,0,31,2.55,1.96,19.9
C01583,2030,Undeclared,0,17,1.82,1.55,15.7
C00055,2030,Undeclared,0,17,4,2.41,17.3
C02354,2030,Management,1,21,2.17,3.23,9
C02206,2030,Undeclared,1,29,2.3,3.18,11.3
C03030,2030,Behavioral Sciences,0,30,2.65,2.95,19.3
C01374,2030,Undeclared,1,27,2.08,3.73,10.5
C01023,2030,Legal Studies,1,23,2.39,3.69,13.6
C00133,2030,Undeclared,0,23,1.99,1.82,15.6
C01664,2030,Undeclared,0,33,2.43,1.71,10
C02331,2030,Undeclared,1,29,2.1,2.96,10.8
C02285,2030,Management,0,11,2.92,1.49,16
C03066,2030,Undeclared,1,8,2.97,4,14.8
C03714,2030,Mathematical Sciences,0,24,2.6,2.33,19.2
C02639,2030,Undeclared,0,2,2.92,2.92,17.4
C03631,2030,Undeclared,0,37,2.54,2.71,11.2
C01939,2030,Undeclared,0,35,2.63,2.11,14.9
C02666,2030,Undeclared,0,18,1.59,3.14,13
C03254,2030,Undeclared,1,1,1.98,4,11.3
C01457,2030,Undeclared,0,17,2.03,3.14,16
C01434,2030,Mechanical Engineering,1,5,2.12,2.46,14.6
C00988,2030,Undeclared,0,40,1.92,2.74,15.4
C02276,2030,Undeclared,1,6,3.18,3.41,17.3
C03805,2030,Undeclared,0,30,3.19,1.4,13.1
C02180,2030,Cyber Science,0,39,2.38,2.76,20.9
C01061,2030,Undeclared,1,21,2.34,3.39,10.7
C01506,2030,Undeclared,1,17,3.16,2.69,11.1
C01836,2030,Undeclared,1,36,2.38,2.95,9.4
C00459,2030,Cyber Science,0,29,3.37,1.49,22.1
C00104,2030,Astronautical Engineering,1,23,2.01,2.81,11.7
C02643,2030,Undeclared,1,11,0.78,3.3,11.7
C01476,2030,Undeclared,1,33,2.91,3.08,12.9
C03914,2030,Undeclared,0,14,2.02,2.18,16.2
C04001,2030,Civil & Environmental Engineering,0,34,3.3,3.33,22.4
C03709,2030,Undeclared,0,24,2.1,1.67,17.6
C01008,2030,Undeclared,1,32,3.79,2.64,18
C03549,2030,Undeclared,1,13,1.96,3.57,9.8
C02710,2030,Foreign Area Studies,0,16,1.39,2.29,24.2
C00722,2030,Undeclared,0,12,2.4,3.4,14.5
C02217,2030,Undeclared,1,27,2.36,3.82,16.5
C01141,2030,Undeclared,0,12,2.57,2.22,18.8
C01409,2030,Undeclared,1,37,1.82,3.14,14.8
C00597,2030,Undeclared,0,24,2.95,2.71,12.2
C03844,2030,Undeclared,0,35,2.5,3.04,14
C01707,2030,Undeclared,1,3,3.19,4,13
C02119,2030,Undeclared,0,21,1.91,2.02,19.5
C01945,2030,Undeclared,0,11,2.13,2.6,15.7
C00571,2030,Aeronautical Engineering,0,22,2.37,2.62,17.3
C03852,2030,Undeclared,1,4,1.61,3.81,6.9
C02909,2030,Undeclared,1,36,1.62,3.11,9.3
C00228,2030,Undeclared,1,37,1.4,3.6,9.8
C00332,2030,Systems Engineering,1,14,1.7,2.76,13.4
C03705,2030,Cyber Science,1,18,3.07,2.9,15
C00206,2030,Undeclared,0,40,2.55,1.92,16.1
C02858,2030,Undeclared,0,4,3.39,2.21,19.9
C01950,2030,Undeclared,0,34,1.47,3.52,18.2
C00512,2030,Undeclared,0,38,2.25,2.16,13.1
C01849,2030,Management,1,12,2.77,3.35,16.5
C01549,2030,Economics,0,19,1.63,2.9,14
C01098,2030,Foreign Area Studies,0,13,2.66,2.75,16.6
C02871,2030,Undeclared,0,40,3.66,3.34,17.3
C00746,2030,Undeclared,0,33,2.07,2.2,17.5
C01953,2030,Undeclared,0,8,2.9,2.13,18
C03260,2030,Systems Engineering,1,1,2.07,3.14,12.5
C01437,2030,Behavioral Sciences,1,12,2.67,2.58,15.1
C01390,2030,Geospatial Science,0,18,2.03,1.85,18.2
C00070,2030,Undeclared,0,33,2.95,2.27,15.1
C02360,2030,History,1,18,0.76,3.49,10.2
C01555,2030,Undeclared,0,34,2.24,2.5,16
C03682,2030,Undeclared,0,13,2.72,2.03,16.3
C02672,2030,Undeclared,1,11,2.71,3.35,12
C00176,2030,Aeronautical Engineering,1,39,3.24,3.03,18.2
C00254,2030,Undeclared,0,38,2.7,2.13,21.4
C04015,2030,Undeclared,0,9,2.65,0.91,14.3
C03137,2030,Undeclared,0,32,3.22,2.56,19.2
C00981,2030,Undeclared,0,13,1.83,1.33,14.6
C02582,2030,History,1,14,2.07,2.84,20.4
C03504,2030,Undeclared,1,30,2.95,3.12,17.7
C00410,2030,Undeclared,1,17,2.9,2.43,15.5
C00677,2030,Undeclared,1,6,3.68,4,10.8
C02521,2030,Undeclared,1,10,2.2,2.63,11.6
C02794,2030,Undeclared,1,8,2.6,3.47,15.8
C01211,2030,Undeclared,0,27,2.16,2.13,14.3
C03110,2030,Undeclared,1,8,1.81,3.2,7.8
C00458,2030,Undeclared,1,5,1.36,2.83,13.3
C03985,2030,Undeclared,0,11,2.15,2.27,17.4
C03513,2030,Undeclared,1,16,2.84,3.38,13.3
C01378,2030,Undeclared,0,29,2.28,3.03,19
C02881,2030,Civil & Environmental Engineering,0,21,1.99,1.74,21.6
C01435,2030,English,0,38,2.3,2.33,24
C01744,2030,Management,1,36,1.25,2.99,12.4
C02970,2030,Undeclared,1,2,1.84,2.57,14
C03275,2030,Undeclared,1,10,2.14,3.17,9.6
C03918,2030,Undeclared,0,31,1.49,2.7,17
C01532,2030,Undeclared,0,25,2.5,1.66,18.1
C03356,2030,Undeclared,1,12,1.67,2.77,10.3
C00961,2030,Undeclared,0,25,3.62,2.25,21.4
C02326,2030,Undeclared,0,18,2.07,2.66,14.5
C01372,2030,Aeronautical Engineering,1,29,2.23,3.79,23
C01930,2030,Undeclared,1,28,1.5,3.57,11.4
C03823,2030,Undeclared,0,34,2.14,2.46,16.7
C00101,2030,Electrical & Computer Engineering,0,4,2.03,2.31,20
C01170,2030,Undeclared,0,6,2.69,2.56,9.9
C01158,2030,History,0,24,1.95,2.21,17.9
C00310,2030,Undeclared,0,23,1.9,2.86,18.9
C00222,2030,Undeclared,0,37,3.1,3.02,17.2
C01174,2030,Undeclared,1,17,1.66,2.73,3.3
C03366,2030,Chemistry,0,31,1.95,2.62,14.9
C03344,2030,Undeclared,0,30,0.84,1.77,14.9
C01551,2030,Undeclared,1,10,3.64,4,15.5
C01095,2030,Undeclared,0,5,2.58,2.42,17.8
C03587,2030,Undeclared,0,31,2.22,1.88,21.8
C02290,2030,Undeclared,0,2,2.7,2.48,16.7
C02433,2030,Undeclared,1,23,3.19,2.57,16.4
C01772,2030,Chemistry,1,7,2.49,3.62,14.5
C01946,2030,Undeclared,0,10,1.39,1.92,15.5
C01443,2030,Undeclared,0,28,2.26,2.6,14.8
C00791,2030,Undeclared,1,29,1.51,3.57,11.4
C02136,2030,Undeclared,1,20,2.29,3.04,14.4
C00393,2030,Undeclared,0,27,0.68,2.74,13
C00899,2030,Undeclared,0,9,3.02,2.88,24.8
C03545,2030,Undeclared,1,18,1.62,2.95,15.2
C03468,2030,Undeclared,0,8,2.04,3.63,15.8
C03955,2030,Electrical & Computer Engineering,0,17,2.15,2.91,17.9
C02137,2030,Undeclared,0,37,2.6,2.03,18.3
C03693,2030,Undeclared,0,30,2.42,1.58,20
C03493,2030,Undeclared,0,2,3.02,2.74,18.8
C00598,2030,Undeclared,1,33,2.38,3.23,15
C03977,2030,Undeclared,0,14,1.62,1.91,12.9
C02846,2030,Undeclared,0,4,2.77,2.21,19.7
C00491,2030,History,1,18,1.74,2.88,9
C01665,2030,Undeclared,1,6,3.21,3.51,17.1
C00669,2030,Mathematical Sciences,0,34,2.95,2.75,18.4
C01234,2030,Undeclared,1,15,1.47,2.95,13.3
C01674,2030,Economics,0,38,2.23,2.25,19.1
C02946,2030,Computer Science,0,22,2.92,1.78,19.5
C03558,2030,Undeclared,1,28,2.68,3.81,20.9
C02670,2030,Undeclared,1,32,2.77,3.72,11.2
C02244,2030,Undeclared,0,25,2.9,2.08,17.1
C03947,2030,Undeclared,0,23,2.06,1.89,19.8
C02805,2030,Undeclared,0,26,4,2.42,17.4
C02691,2030,Systems Engineering,0,18,2.05,2.93,15.5
C00890,2030,Undeclared,0,32,2.1,2.66,15.3
C00058,2030,Undeclared,0,36,2.05,1.9,18.2
C01289,2030,Undeclared,0,21,0.84,1.81,13.5
C02514,2030,Systems Engineering,0,34,4,1.76,26.5
C02006,2030,Undeclared,1,8,1.3,3.38,8.2
C00010,2030,Political Science,1,26,2.05,4,7.1
C02523,2030,Management,1,36,2.37,3.57,18.7
C00051,2030,Operations Research,0,19,2.78,2.16,21.2
C02388,2030,Undeclared,0,1,2.78,2.29,17.1
C00684,2030,Undeclared,0,24,2.65,2.18,17.9
C03600,2030,Undeclared,0,23,3.18,2.43,14.8
C00341,2030,Mechanical Engineering,1,13,2.22,2.95,17.1
C01725,2030,History,0,14,1.31,2.65,17.7
C01065,2030,Undeclared,1,7,3.7,2.84,21.6
C02825,2030,Undeclared,0,35,2.27,2.64,19.8
C00171,2030,Undeclared,1,24,1.45,2.98,8.8
C01353,2030,English,1,31,2.44,3.78,12.9
C03226,2030,Undeclared,1,21,3.75,3.56,14
C00932,2030,Astronautical Engineering,0,5,2.07,2.17,11.8
C01145,2030,Undeclared,0,32,2.07,1.5,13.5
C00118,2030,Undeclared,0,16,2.04,1.93,21.2
C00032,2030,Undeclared,0,37,2.73,2.79,14.5
C02395,2030,Undeclared,0,37,2.27,2.14,12
C02080,2030,Undeclared,1,35,1.51,3.28,9.7
C02894,2030,Undeclared,0,7,3.26,1.97,19.5
C03489,2030,English,0,37,1.3,2.21,9.9
C01471,2030,Undeclared,1,21,2.12,3.56,12.2
C02937,2030,Undeclared,0,24,1.54,2.75,11.1
C00540,2030,Biology,0,4,2.82,2.38,23.3
C03665,2030,Undeclared,0,36,2.6,1.29,18.1
C00386,2030,Mathematical Sciences,1,34,3.5,3.47,16.1
C02424,2030,Undeclared,1,13,1.98,3.41,13.2
C01217,2030,Mechanical Engineering,0,1,2.83,3.05,21.1
C03463,2030,Undeclared,0,1,1.67,1.47,13.1
C03897,2030,Systems Engineering,1,12,1.27,3.79,15.1
C00110,2030,Management,1,34,2.64,3.49,13.1
C02632,2030,Undeclared,0,13,3.16,2.56,18.8
C01238,2030,Undeclared,1,23,1.87,3.58,14.1
C01631,2030,Undeclared,0,32,2.53,3.58,15.4
C00064,2030,Undeclared,1,35,2.44,3.55,13
C02003,2030,Undeclared,0,17,1.94,1.69,15.3
C00545,2030,Undeclared,0,30,2.35,3.52,20
C02497,2030,Undeclared,0,38,2.67,2.54,14.7
C01002,2030,Undeclared,0,12,3.61,2.03,17.4
C02718,2030,Mathematical Sciences,0,12,2.84,1.7,15.3
C00466,2030,Undeclared,1,32,2.47,4,15.6
C03337,2030,Electrical & Computer Engineering,0,7,2.62,1.55,17.9
C02147,2030,Undeclared,0,20,1.88,1.72,12
C00087,2030,Undeclared,1,13,2.37,2.93,10.8
C00514,2030,Management,0,1,2.49,2.05,14.1
C02649,2030,Undeclared,1,12,1.64,2.77,9.8
C00097,2030,Electrical & Computer Engineering,0,14,2.88,2.8,20.4
C01113,2030,Undeclared,0,11,2.37,2.42,16.7
C03742,2030,Systems Engineering,1,39,1.68,3.54,13.3
C01801,2030,Undeclared,0,14,1.9,2.09,10.7
C01933,2030,Undeclared,1,30,2.91,2.78,5.6
C00572,2030,Economics,0,5,2.72,2.68,17.6
C00283,2030,Undeclared,0,15,2.76,1.77,13.3
C03813,2030,Undeclared,0,33,2.61,2.04,18.5
C01742,2030,Undeclared,0,22,1.54,3.01,19.1
C03477,2030,Economics,0,32,1.57,2.5,11.2
C00974,2030,Undeclared,1,3,3.51,2.97,16.5
C03058,2030,Undeclared,0,31,2.89,2.26,16.9
C03346,2030,Undeclared,1,29,1.54,3.82,17.5
C01309,2030,Political Science,0,10,2.32,2.21,12.9
C01496,2030,Undeclared,1,1,3.25,3.54,20.7
C02760,2030,Undeclared,0,11,0.97,1.7,14
C01811,2030,Undeclared,0,15,2.15,2.38,17.9
C02816,2030,Undeclared,0,25,2.06,2.23,21
C00641,2030,Undeclared,0,24,3.74,2.18,17
C02363,2030,Undeclared,1,11,2.3,3.7,14.8
C00715,2030,Undeclared,1,35,1.75,3.25,9
C01594,2030,Undeclared,1,3,2.48,3.18,10.5
C02678,2030,Undeclared,0,32,3.18,1.63,14.2
C00751,2030,Undeclared,0,39,3.77,2.14,15.4
C00124,2030,Undeclared,0,5,3.58,3.2,16.9
C00178,2030,Undeclared,0,2,2.82,1.87,15.2
C03368,2030,Undeclared,0,26,1.63,1.95,14.1
C03598,2030,Undeclared,0,21,2.11,2.35,12.8
C01782,2030,Management,0,12,2.42,2.58,11.6
C01546,2030,Undeclared,0,5,2.39,3.46,17.2
C02606,2030,Undeclared,1,39,2.23,2.92,10.4
C02168,2030,Undeclared,0,32,2.99,2.19,15.5
C01731,2030,Undeclared,0,32,2.12,1.3,18.6
C00226,2030,Undeclared,0,1,1.99,3.34,18.3
C03130,2030,Undeclared,1,27,0.67,3.09,10.7
C00832,2030,Undeclared,1,5,3.27,3.18,15.3
C01199,2030,Civil & Environmental Engineering,0,9,2.85,1.96,22.9
C03119,2030,Undeclared,0,25,1.59,2.39,15.5
C01100,2030,Undeclared,0,37,3.74,2.85,19.3
C01407,2030,Undeclared,0,39,2.38,2.66,14.2
C03261,2030,Undeclared,0,36,2.3,2.1,18.2
C01839,2030,Undeclared,0,5,1.93,2.68,16.1
C00861,2030,Management,0,27,2.22,1.22,12.1
C03974,2030,Undeclared,1,38,3.2,3.41,11.2
C03717,2030,Computer Science,1,32,2.78,2.94,16.5
C03371,2030,Undeclared,0,38,2.29,2.56,18.2
C03556,2030,Undeclared,1,1,3.11,3.02,12
C01525,2030,Undeclared,1,38,1.35,3.32,18.7
C02967,2030,Undeclared,0,14,3.71,1.64,24.7
C01104,2030,Undeclared,0,3,1.25,2.49,11.5
C02751,2030,Undeclared,0,19,2.34,2.08,15.6
C00199,2030,Undeclared,0,18,1.76,3.16,12.7
C01885,2030,Undeclared,1,17,3.3,2.95,11.7
C02699,2030,Undeclared,0,28,1.88,2.05,14.2
C00848,2030,Undeclared,1,39,2.35,2.51,18.9
C00106,2030,Undeclared,0,14,2.21,2.46,16.5
C01542,2030,Undeclared,1,2,3.19,2.97,14.2
C00867,2030,Undeclared,0,10,2.2,2.63,20.7
C00835,2030,Undeclared,1,20,1.82,3.77,17.3
C02973,2030,Undeclared,1,21,2.06,3.81,14.2
C00811,2030,Legal Studies,0,6,2.9,1.86,19.2
C02698,2030,Undeclared,0,39,3.4,1.42,17.6
C03454,2030,Economics,0,37,2.13,2.76,11.5
C01404,2030,Undeclared,1,31,3,4,12.3
C03605,2030,Undeclared,1,25,2.38,3.52,13.9
C00483,2030,Philosophy,0,37,1.51,2,12.9
C02227,2030,Undeclared,0,18,2.39,2.67,20.6
C03520,2030,Undeclared,0,32,2.38,2.4,14.4
C00359,2030,Undeclared,1,8,1.82,3.05,10.1
C02712,2030,Undeclared,0,35,2.15,0.98,16.2
C00525,2030,Undeclared,0,31,3.33,2.55,18
C00345,2030,Undeclared,0,18,2.69,2.35,17.2
C00703,2030,Undeclared,1,12,2.84,3.13,18.7
C00342,2030,Undeclared,0,11,2.24,2.56,9.1
C01726,2030,Management,0,15,3.17,2.69,20.3
C02428,2030,Undeclared,1,26,2.49,2.85,13.9
C03617,2030,Astronautical Engineering,0,37,2.55,1.52,20.4
C03702,2030,Undeclared,1,40,3.17,3.57,15.7
C01318,2030,Undeclared,0,14,2.47,2.19,17.7
C02651,2030,Undeclared,1,10,2.24,2.85,15
C02422,2030,Undeclared,0,30,2.72,2.15,13.1
C02124,2030,Undeclared,0,14,1.62,2.36,17.7
C01603,2030,Undeclared,0,2,1.41,2.83,14.9
C01112,2030,Undeclared,1,1,2.84,3.48,8.2
C03298,2030,Undeclared,0,12,2.8,2.45,18.6
C02577,2030,Computer Science,1,17,2.34,3.79,13.8
C01925,2030,Undeclared,1,13,2.25,2.98,12.3
C02519,2030,Undeclared,0,36,3,2.46,15.3
C04016,2030,Systems Engineering,0,38,2.77,1.93,23.1
C00754,2030,Astronautical Engineering,0,37,2.42,1.77,21.1
C02462,2030,Undeclared,1,22,1.87,3.1,6.3
C02926,2030,Undeclared,0,13,3.78,1.83,18.5
C03507,2030,Cyber Science,0,11,2.84,2.73,16.5
C02002,2030,Undeclared,0,3,3.8,1.06,9.4
C01122,2030,Undeclared,0,32,2.95,1.98,18.4
C00437,2030,Undeclared,0,13,1.92,1.43,14.8
C00092,2030,Management,0,38,2.13,2.13,12.4
C01163,2030,Undeclared,0,12,1.75,1.58,18.3
C02510,2030,Management,0,18,2.62,2.06,9.7
C02584,2030,Undeclared,0,3,2.74,3.15,18.3
C01837,2030,Undeclared,0,21,2.68,2.14,16.5
C02629,2030,Economics,0,23,1.81,3.52,14.9
C03737,2030,Undeclared,1,38,2.92,3.08,15.4
C00745,2030,Undeclared,0,35,3.87,2.32,18.6
C00817,2030,Management,1,17,1.84,3.02,6.6
C02687,2030,Undeclared,0,1,2.64,2.2,21
C02573,2030,Undeclared,0,15,2.25,1.73,14.9
C01446,2030,Cyber Science,0,31,2.32,2.05,18.9
C01714,2030,Undeclared,0,37,2.49,2.74,16.8
C00373,2030,Undeclared,1,1,3.07,3.17,15.7
C03419,2030,Undeclared,0,10,3.61,1.92,20.4
C03752,2030,Electrical & Computer Engineering,1,6,3.22,4,18.1
C01377,2030,Undeclared,0,14,2.48,2.16,19.3
C00242,2030,Undeclared,1,16,3.7,3.14,16
C03004,2030,Undeclared,0,3,3.19,2.11,19.8
C01202,2030,Undeclared,1,27,1.94,3.83,13.9
C02185,2030,Undeclared,0,14,2.81,2,11
C01052,2030,Undeclared,1,25,2.67,3.12,9
C02475,2030,Undeclared,0,1,3.63,3.2,22.8
C03329,2030,Economics,0,17,1.97,1.91,20
C03092,2030,Undeclared,0,25,3.45,1.63,21.7
C00818,2030,Systems Engineering,0,34,2.51,1.64,19.4
C01544,2030,Foreign Area Studies,1,24,3.3,3.38,13.3
C03749,2030,Undeclared,0,19,2.3,3.09,19.1
C01447,2030,Military & Strategic Studies,0,32,1.94,2.22,18.2
C03778,2030,Undeclared,0,16,2.86,2.84,19.3
C01442,2030,Undeclared,0,34,1.64,1.68,15
C00631,2030,Cyber Science,1,36,2.31,3.37,15.1
C00214,2030,Undeclared,0,2,2.52,2.28,16.5
C03114,2030,Military & Strategic Studies,0,6,1.98,2.12,16.2
C03584,2030,Undeclared,1,1,2.66,3.55,16.3
C01844,2030,Undeclared,0,36,2.23,2.94,15.5
C03953,2030,Aeronautical Engineering,0,39,3.04,1.62,26.3
C00760,2030,Philosophy,1,12,2.38,2.99,11.7
C02212,2030,Systems Engineering,0,26,2.94,1.52,24.9
C00938,2030,Undeclared,1,27,0.75,2.92,11.4
C03111,2030,Aeronautical Engineering,0,25,3.24,2.02,20.9
C00407,2030,Political Science,0,4,2.76,2.09,15.2
C01807,2030,Astronautical Engineering,1,17,4,3.53,14.5
C03514,2030,Biology,0,35,3.05,2.25,22.2
C02240,2030,Undeclared,1,39,2.19,3.15,13.4
C01708,2030,Mathematical Sciences,1,40,3.68,2.12,18.3
C00749,2030,Undeclared,0,4,2.67,1.8,20
C03313,2030,Undeclared,0,35,2.48,1.79,16.2
C01962,2030,Undeclared,0,39,1.89,2.01,20.1
C00909,2030,Systems Engineering,1,1,3.84,3.29,19.3
C02035,2030,Undeclared,0,38,2,2.3,19.2
C03365,2030,Systems Engineering,0,21,3.03,2.57,13.8
C00780,2030,Undeclared,0,39,3.62,1.72,19.3
C02062,2030,Legal Studies,1,31,3.44,2.62,16.3
C01299,2030,Undeclared,0,15,1.84,2.32,17.2
C00554,2030,Undeclared,0,6,2.14,2.2,18.7
C03628,2030,Undeclared,0,32,2.62,2.14,15.7
C00154,2030,Civil & Environmental Engineering,0,20,4,2.61,26.5
C02016,2030,Undeclared,0,14,2.5,2.51,18.6
C03811,2030,Undeclared,0,33,2.38,2.18,13.7
C01653,2030,Behavioral Sciences,1,39,2.97,2.53,20
C02914,2030,Meteorology,0,22,3.53,1.89,20.4
C01001,2030,Undeclared,0,6,2.36,2.81,17.8
C01833,2030,Electrical & Computer Engineering,0,1,3.14,0.83,24.7
C01675,2030,Undeclared,0,13,3.18,2.38,15.6
C03608,2030,Management,0,25,2.42,2.09,15.7
C00730,2030,Undeclared,1,34,1.36,3.39,7.8
C00566,2030,Undeclared,0,24,1.81,2.82,14.1
C01225,2030,Data Science,1,30,3.63,2.62,19.1
C00834,2030,Undeclared,0,5,2.33,2.09,18.1
C03902,2030,Undeclared,1,36,4,3.23,12.9
C02594,2030,Undeclared,1,24,1.43,3.73,10.7
C02984,2030,Undeclared,1,16,2.7,3.4,14
C01020,2030,Undeclared,0,16,3.53,2.31,18.8
C00822,2030,Physics,0,32,2.46,1.78,17.4
C02028,2030,Undeclared,1,6,2.77,3.5,9.8
C02271,2030,Biology,1,34,3.35,3.59,13.5
C01004,2030,Undeclared,0,14,1.66,2.02,12.1
C01865,2030,Chemistry,0,20,3.16,3.05,23.8
C02640,2030,Economics,1,2,2.68,3.68,13.8
C00122,2030,Undeclared,1,13,2.53,3.81,12.9
C03495,2030,Undeclared,1,16,2.7,4,9.9
C00026,2030,Political Science,0,16,1.44,1.69,15.7
C01610,2030,Undeclared,1,11,3.2,4,20.5
C01401,2030,Undeclared,0,32,2.11,2.65,16
C01325,2030,Undeclared,0,21,3.06,2.44,17.1
C03723,2030,Biology,0,3,2.54,2.35,15.5
C03664,2030,Undeclared,1,17,3.34,2.47,15.6
C00632,2030,Undeclared,1,33,2.49,2.68,17.1
C01622,2030,Geospatial Science,1,2,2.45,3.19,13.1
C00253,2030,Management,1,13,2.23,3.71,12.2
C01534,2030,Undeclared,1,9,3.68,2.29,18.4
C03374,2030,Undeclared,0,31,2.32,2.12,17.9
C01983,2030,Undeclared,0,33,2.53,1.83,16
C02796,2030,Undeclared,0,32,2.17,3,17.3
C00490,2030,Electrical & Computer Engineering,1,24,2.92,2.97,17.7
C02069,2030,Undeclared,0,13,2.37,2.89,15.8
C03121,2030,Undeclared,1,16,1.51,3.06,9.4
C02231,2030,Undeclared,1,15,1.82,3.57,13.2
C00041,2030,Undeclared,0,6,2.03,1.5,17.9
C03174,2030,Computer Science,0,17,2.39,2.31,14.5
C01500,2030,Undeclared,0,33,2.91,2.18,13.6
C03154,2030,Undeclared,0,20,3.43,2.62,19.4
C01686,2030,Meteorology,0,26,2.98,2.27,22
C00431,2030,Undeclared,1,3,1.85,4,10.6
C03032,2030,Astronautical Engineering,1,3,2.73,2.46,18.4
C02245,2030,Undeclared,0,39,2.04,2.09,16.3
C03888,2030,Foreign Area Studies,0,15,1.91,2.67,19.5
C03378,2030,Astronautical Engineering,0,3,3.12,2.19,21.9
C02903,2030,Undeclared,1,30,1.78,3.5,11.9
C01798,2030,Aeronautical Engineering,1,19,1.47,3.15,13.2
C00420,2030,Economics,0,10,2.77,3.07,16
C00294,2030,Undeclared,0,4,2.79,2.88,18.6
C03770,2030,Political Science,0,26,1.29,2.44,14.5
C03148,2030,Undeclared,0,22,3.48,2.22,12.8
C03404,2030,Undeclared,1,39,3.62,2.95,17.8
C02339,2030,Undeclared,1,1,3,2.93,6.3
C00274,2030,Undeclared,1,10,1.53,3.79,9.9
C01022,2030,Undeclared,0,25,2.3,2.91,14.8
C00238,2030,Management,0,17,2.09,2.32,16.2
C02371,2030,Undeclared,0,21,2.11,2.05,17.4
C00894,2030,Computer Science,1,22,2.85,3.34,13.4
C01495,2030,Undeclared,0,9,2.39,2,13.2
C01221,2030,Undeclared,0,14,2.33,2.09,11.1
C03060,2030,Undeclared,0,15,3.01,2.58,20.9
C03139,2030,Civil & Environmental Engineering,1,7,3.71,3.23,20.6
C02289,2030,Legal Studies,0,19,1.63,2.26,19.3
C00853,2030,Undeclared,0,24,2.59,2.8,18
C00182,2030,Management,0,35,1.67,2.29,15.1
C00644,2030,Undeclared,1,35,0.99,3.55,11.6
C00317,2030,Electrical & Computer Engineering,0,40,4,2.18,30
C02439,2030,Undeclared,0,29,2.31,1.46,16.6
C03646,2030,Aeronautical Engineering,0,32,3.89,2.57,22.8
C03210,2030,Undeclared,1,28,2.61,1.85,16.8
C03961,2030,Undeclared,0,30,3.81,2.5,21.9
C00864,2030,Undeclared,1,40,1.34,2.85,12.7
C01203,2030,Undeclared,0,27,2.49,3.29,16.9
C00957,2030,Undeclared,1,9,1.95,3.63,13.9
C00603,2030,Aeronautical Engineering,0,14,3.16,3.04,16.9
C02769,2030,Undeclared,0,28,1.93,1.8,12.4
C01286,2030,Undeclared,0,28,1.8,2.19,14.4
C00223,2030,Undeclared,0,5,1.75,1.96,16.9
C01643,2030,Biology,1,12,2.6,2.67,16.2
C03946,2030,Civil & Environmental Engineering,1,36,2.82,3.34,22.7
C03613,2030,Undeclared,0,9,3.53,1.44,19
C02749,2030,Civil & Environmental Engineering,1,11,2.83,3.62,14.7
C00675,2030,Undeclared,0,25,2.49,1.79,17
C03537,2030,Undeclared,0,5,1.92,2.97,18.5
C03247,2030,Undeclared,0,15,3.91,2.06,17.8
C01965,2030,Undeclared,1,16,3.12,3.84,10.9
C01398,2030,Undeclared,1,15,2.08,3.83,12.5
C02274,2030,Aeronautical Engineering,0,6,2.9,1.78,20.5
C02997,2030,Undeclared,0,13,1.98,1.88,11.6
C02014,2030,Undeclared,0,33,3.53,2.54,20
C01455,2030,Undeclared,1,35,3.12,3.53,16
C01167,2030,Undeclared,0,7,2.93,3.02,19
C01201,2030,Undeclared,0,34,3.52,2.09,19.2
C00600,2030,Civil & Environmental Engineering,1,16,3.08,2.39,17
C03796,2030,Cyber Science,1,36,3.75,3.39,13.4
C02925,2030,Undeclared,1,12,3.55,4,17.6
C02410,2030,Undeclared,1,23,1.45,3.91,12.1
C00409,2030,Undeclared,0,34,1.7,2.09,15.2
C03615,2030,Undeclared,1,13,2.19,3.34,11.3
C00893,2030,History,0,2,2.62,2.55,17.1
C02849,2030,Undeclared,1,27,2.81,3.1,15.7
C03573,2030,Physics,0,38,3.55,1.57,20.8
C02163,2030,Mathematical Sciences,0,35,2.04,2.38,16
C02132,2030,Undeclared,0,13,2.24,2.45,17.5
C01157,2030,Undeclared,0,16,2.6,2.84,21.4
C02456,2029,Aeronautical Engineering,0,8,3.25,2.43,21.9
C03937,2029,Data Science,1,40,3.07,3.6,13.6
C03700,2029,Management,0,37,3.65,2.08,20.7
C00582,2029,Undeclared,1,28,3.85,3.54,13.2
C03995,2029,Systems Engineering,0,4,2.34,1.98,21.1
C00613,2029,Mechanical Engineering,0,31,3.31,3.32,22.9
C01432,2029,Undeclared,0,25,1.68,2.99,17.9
C01550,2029,Economics,0,39,2.55,2.64,17.3
C00958,2029,Cyber Science,0,22,3.31,1.89,19
C03302,2029,Computer Science,0,38,3.69,1.49,22.8
C02268,2029,Undeclared,0,3,2.12,2.71,13
C02653,2029,Political Science,0,33,3.43,3.74,19.9
C01151,2029,Management,0,13,3.02,2.51,14.6
C01085,2029,Economics,0,15,2,2.94,17.5
C01153,2029,Mechanical Engineering,1,38,2.53,3.25,17.1
C03088,2029,Civil & Environmental Engineering,0,9,4,3.36,22.4
C03497,2029,Legal Studies,0,37,2.19,2.51,16.7
C02164,2029,Aeronautical Engineering,0,12,2.79,2.44,25.6
C03596,2029,Economics,1,5,3.82,3.82,16.7
C01695,2029,Undeclared,1,22,1.54,3.43,7.8
C03471,2029,Management,0,16,2.39,2.5,15.4
C03351,2029,Behavioral Sciences,0,22,2.55,2.41,17.6
C00645,2029,Undeclared,0,12,2.56,2.73,18.6
C02238,2029,Management,0,38,2.52,2.37,14.6
C02054,2029,Computer Science,0,39,2.85,2.43,15.8
C02887,2029,Military & Strategic Studies,0,30,2.55,2.86,14.5
C01076,2029,Geospatial Science,1,14,2.42,3.51,15.9
C01183,2029,Undeclared,0,6,2.78,2.21,15.5
C02413,2029,Geospatial Science,0,12,2.6,2.5,21.7
C03544,2029,Economics,0,6,2.96,3.26,19.1
C00430,2029,Mathematical Sciences,0,21,2.75,2.6,21.1
C01169,2029,Management,0,35,3.12,2.57,16.4
C01817,2029,Systems Engineering,1,3,3.34,4,13.1
C03345,2029,Civil & Environmental Engineering,0,19,1.14,3.11,19
C03279,2029,Legal Studies,1,9,2.98,3.36,12.4
C00840,2029,English,0,32,2.52,2.35,24.2
C02504,2029,Mathematical Sciences,1,22,2.03,3.37,11.7
C01691,2029,English,0,2,1.68,2.08,14.5
C03824,2029,Undeclared,0,24,2.49,1.76,14.1
C02246,2029,Chemistry,0,19,2.48,2.72,15.6
C02186,2029,Mechanical Engineering,0,4,3.01,2.93,21.9
C00784,2029,Management,0,21,3.17,2.31,18.6
C00876,2029,Systems Engineering,1,4,3.84,3.05,20.7
C03067,2029,Military & Strategic Studies,0,19,0.82,2.36,19.9
C01736,2029,Biology,0,10,3.11,1.14,20.9
C00159,2029,Operations Research,0,8,3.51,2.81,21
C02440,2029,Mechanical Engineering,0,7,2.84,1.46,21.3
C02282,2029,Mathematical Sciences,0,14,2.77,2.64,20.7
C01291,2029,Systems Engineering,0,27,1.87,3.59,15.5
C00073,2029,Physics,1,8,3.8,4,15
C03068,2029,Electrical & Computer Engineering,0,26,3.89,1.99,22.6
C00719,2029,English,0,19,2.47,2.78,15.9
C02960,2029,Computer Science,0,4,3.88,2.49,23
C03390,2029,Cyber Science,1,10,1.63,3.79,11.2
C02144,2029,Behavioral Sciences,0,21,1.72,3.32,15.5
C03597,2029,History,0,34,1.27,3.09,7.9
C01132,2029,Undeclared,1,33,2.8,3.15,12.1
C00764,2029,Systems Engineering,1,28,3.35,3.5,17.5
C04017,2029,Aeronautical Engineering,0,8,2.4,2.75,20.3
C00153,2029,Behavioral Sciences,0,8,1.62,2.21,13.7
C00560,2029,Undeclared,0,4,3.66,1.77,17.5
C02692,2029,Mechanical Engineering,0,25,1.98,2.41,14.9
C01815,2029,Systems Engineering,0,32,3.12,2.12,19
C03871,2029,Political Science,0,35,2.61,2.3,22
C02727,2029,Economics,0,6,1.69,3.14,19.3
C03593,2029,Computer Science,1,9,2.52,2.81,18.4
C01488,2029,Economics,0,12,1.53,2.04,13.5
C03289,2029,Biology,1,10,2.6,4,14.6
C03964,2029,Economics,0,2,1.47,2.5,14.8
C00520,2029,Civil & Environmental Engineering,0,28,2.58,2.79,15.4
C00543,2029,Undeclared,0,37,2.37,2.54,17.2
C00873,2029,Foreign Area Studies,1,30,2.54,3.55,14.9
C02961,2029,Mechanical Engineering,1,20,2.7,3.48,19.4
C00627,2029,Operations Research,0,20,3.49,3.19,15.7
C01242,2029,Systems Engineering,1,14,4,3.43,21.5
C01951,2029,Management,0,32,2.46,1.98,11.2
C01359,2029,Political Science,0,27,2.29,2.99,17.7
C02981,2029,English,0,12,2.12,2.32,11.8
C01352,2029,Data Science,1,40,1.74,3.25,14
C00994,2029,Biology,0,4,2.69,2.24,25.9
C03198,2029,Data Science,0,21,2.57,1.67,17.6
C00681,2029,Mathematical Sciences,0,7,2.99,3.1,23.9
C03973,2029,Computer Science,0,23,3.34,2.3,18.9
C02679,2029,Operations Research,0,23,1.89,2.78,13.9
C01355,2029,Management,0,7,2.62,2.16,24.9
C00712,2029,Electrical & Computer Engineering,0,38,2.87,2.97,23
C03026,2029,Management,0,4,1.92,2.5,14.1
C02340,2029,Civil & Environmental Engineering,1,19,3.28,3.28,19.1
C02574,2029,Undeclared,0,10,3.4,2.52,18.4
C03678,2029,Physics,0,11,2.51,2.93,17.4
C00324,2029,Systems Engineering,0,31,3.19,2.23,25.8
C03403,2029,Cyber Science,0,7,3.2,3.11,18.5
C01913,2029,Aeronautical Engineering,1,24,2.48,3.78,16.6
C03783,2029,Operations Research,0,36,2.91,2.59,19.9
C00404,2029,Astronautical Engineering,0,8,2.32,2.49,21.3
C01889,2029,Mathematical Sciences,1,27,2.67,3.38,17.8
C00671,2029,Management,1,7,1.24,3.99,9.4
C03909,2029,Management,0,21,2.41,3.51,19.5
C00766,2029,Military & Strategic Studies,0,1,1.57,2.51,11.8
C01403,2029,Mechanical Engineering,0,12,3.87,2.08,22.2
C00610,2029,Systems Engineering,0,8,2.34,3.25,19.5
C00711,2029,Undeclared,0,6,1.46,1.39,17
C02675,2029,Undeclared,1,8,1.84,4,7.2
C01978,2029,Behavioral Sciences,0,25,2.43,2.21,14.9
C00810,2029,Civil & Environmental Engineering,0,8,3.05,2.3,20.8
C03683,2029,Undeclared,1,15,1.45,4,15
C02948,2029,Military & Strategic Studies,1,24,3.27,3.33,17.9
C00406,2029,Political Science,0,12,2.82,3.89,17.8
C00654,2029,Operations Research,0,21,2.26,1.79,18.8
C01349,2029,Operations Research,0,28,2.17,2.75,12.9
C00089,2029,Civil & Environmental Engineering,0,22,1.7,2.5,20.8
C01391,2029,Electrical & Computer Engineering,1,24,2.49,3.19,21.1
C02000,2029,Behavioral Sciences,0,9,2.05,2.11,17.8
C02184,2029,Meteorology,0,25,3.52,1.89,17
C00426,2029,Computer Science,1,34,2.68,3.48,17.2
C01485,2029,Behavioral Sciences,0,23,2.91,1.74,17.9
C02262,2029,Undeclared,1,37,2.38,3.8,6.5
C02777,2029,Management,0,12,2.68,2.89,15.6
C02113,2029,English,0,39,2.15,2.7,12.5
C00866,2029,Civil & Environmental Engineering,0,35,2.09,2.37,20.3
C03096,2029,Aeronautical Engineering,0,33,3.27,2.37,18.2
C00141,2029,Cyber Science,0,34,3.45,2.72,17.4
C00700,2029,Military & Strategic Studies,0,30,3.45,3.03,18.1
C03864,2029,Mechanical Engineering,0,20,3.53,2.83,24.1
C03207,2029,Systems Engineering,1,17,3.74,3.83,14.6
C01494,2029,Undeclared,0,23,1.53,2.03,15.4
C00574,2029,Undeclared,0,14,3.2,1.7,18.9
C03417,2029,Electrical & Computer Engineering,0,17,3.98,2.53,25.8
C01336,2029,Computer Science,0,2,3.22,2.72,19.9
C03423,2029,Aeronautical Engineering,1,31,3.78,2.96,23.8
C01360,2029,Economics,0,40,2.47,2.61,15.7
C01615,2029,History,0,8,3.3,1.75,21.5
C02033,2029,Chemistry,0,22,1.39,1.98,17.3
C03421,2029,Aeronautical Engineering,0,4,2.01,2.54,20.3
C02236,2029,Astronautical Engineering,0,31,3.47,3.03,30.2
C02434,2029,Undeclared,0,26,2.5,2.93,16.1
C02431,2029,Aeronautical Engineering,0,40,3.26,2.26,23.9
C02907,2029,Undeclared,0,27,2.28,1.95,14.5
C03129,2029,Management,0,40,2.02,1.29,12.8
C00638,2029,Political Science,0,19,2.73,2.23,17.7
C02498,2029,Astronautical Engineering,0,35,1.78,1.84,21.4
C01337,2029,Military & Strategic Studies,0,35,3.17,3.39,16.2
C01097,2029,Data Science,0,10,2.28,2.68,20.5
C03580,2029,Legal Studies,0,13,2.45,2.24,21.3
C02878,2029,Philosophy,1,35,1.55,4,13.6
C03894,2029,Behavioral Sciences,0,33,1.75,1.44,16.1
C01847,2029,Chemistry,0,12,2.28,2.62,18.3
C01663,2029,Biology,0,29,2.69,3.13,16
C04002,2029,Physics,1,16,3.29,3.14,16.9
C02975,2029,Cyber Science,0,34,4,2.36,22.9
C03178,2029,Management,0,33,3.09,3.17,13
C02278,2029,Foreign Area Studies,0,14,3.59,2.16,21.2
C03049,2029,Undeclared,0,14,2.99,2.38,19
C00758,2029,Management,0,10,1.75,2.7,13.8
C03639,2029,Meteorology,0,26,2.6,3.17,14.2
C01718,2029,Foreign Area Studies,1,37,3.33,2.78,14.5
C02721,2029,Political Science,0,24,3.1,2.65,18
C03614,2029,Management,1,19,1.65,3.31,13.8
C02093,2029,Military & Strategic Studies,1,25,1.77,3.78,8.3
C00820,2029,English,0,14,3.09,2.38,14.5
C03304,2029,Management,1,14,2.62,3.67,13.6
C02701,2029,Geospatial Science,0,21,3.24,1.71,20.6
C02801,2029,Management,0,13,1.55,3.63,15.7
C03219,2029,Systems Engineering,1,34,1.88,3.74,15.8
C02513,2029,Political Science,0,31,3.57,2.3,12.4
C03898,2029,Foreign Area Studies,1,28,1.38,3.09,13.5
C01290,2029,Civil & Environmental Engineering,1,25,2.81,3.31,18
C01581,2029,Astronautical Engineering,0,29,2.58,1.96,21.6
C03146,2029,Computer Science,0,1,3.44,2.6,14.4
C03750,2029,Systems Engineering,0,23,2.69,2.55,14.3
C02865,2029,Aeronautical Engineering,0,22,1.9,2.84,21.1
C03719,2029,Computer Science,0,18,3.44,2.21,17.8
C03246,2029,Behavioral Sciences,1,20,3.48,3.29,19.1
C02116,2029,Civil & Environmental Engineering,0,37,1.38,2.14,21.4
C03268,2029,Chemistry,0,32,2.53,2.45,23.8
C02452,2029,Electrical & Computer Engineering,0,37,3.14,1.97,20.5
C02923,2029,Computer Science,1,18,2.29,3.43,19.3
C01898,2029,Geospatial Science,0,1,3.18,3.18,21.3
C00696,2029,Mechanical Engineering,0,1,2.48,1.63,25.8
C02614,2029,Computer Science,1,26,3.05,3.12,23.4
C03602,2029,Biology,0,1,2.11,2.43,14.7
C03209,2029,Management,0,27,2.06,3.09,13.4
C00432,2029,Economics,0,25,3.37,2.87,16.1
C02809,2029,Undeclared,1,19,2.82,2.8,17.5
C00809,2029,History,0,18,2.9,2.73,22.1
C00739,2029,Geospatial Science,1,18,1.63,3.67,13.1
C02315,2029,Data Science,0,20,3.07,1.69,23.1
C03005,2029,Management,1,35,3,3.11,8.8
C00797,2029,Military & Strategic Studies,1,1,1.95,3.91,12.8
C03025,2029,Undeclared,0,27,3.1,2.47,15.6
C04014,2029,Mathematical Sciences,0,28,2.6,3.32,18
C02932,2029,Computer Science,0,8,3.5,2.1,17.5
C01822,2029,English,0,28,2.42,2.7,21.2
C02989,2029,Civil & Environmental Engineering,0,6,2.9,2.82,18.2
C03258,2029,Management,0,16,3.22,3.06,11.6
C03695,2029,Computer Science,0,26,3.04,1.88,17.2
C02705,2029,Economics,0,20,1.39,1.42,21.7
C00587,2029,Mechanical Engineering,1,39,1.32,3.98,15.9
C02152,2029,Undeclared,0,22,3.58,1.7,16.6
C01992,2029,Computer Science,0,31,2.96,2.08,24.5
C01789,2029,Electrical & Computer Engineering,0,34,2.83,2.56,21.8
C00639,2029,Electrical & Computer Engineering,0,6,3.06,1.76,24.5
C02741,2029,Physics,0,26,2.79,2.86,22.9
C03312,2029,Political Science,0,31,2.59,2.65,16.6
C01598,2029,Military & Strategic Studies,0,19,3.26,2.07,22.9
C03123,2029,Management,0,37,1.86,2.74,16.1
C01302,2029,History,1,3,2.41,2.78,15
C03857,2029,Cyber Science,0,31,4,2.47,22.9
C01619,2029,Management,1,11,2.44,4,10.9
C01347,2029,Computer Science,0,14,1.67,2.32,12.6
C01229,2029,Biology,1,8,1.84,2.73,15.3
C01934,2029,Aeronautical Engineering,1,19,2.66,3.48,14.5
C03440,2029,Legal Studies,0,9,3.23,2.78,19.8
C02463,2029,Political Science,0,8,1.15,2.77,16.6
C03812,2029,Computer Science,1,13,2.03,4,9.5
C03175,2029,Undeclared,0,14,3.13,1.91,15.2
C00116,2029,Electrical & Computer Engineering,1,35,2.95,3.16,20.6
C03803,2029,Political Science,0,26,1.4,1.68,16.2
C00865,2029,Cyber Science,1,11,2.95,3.5,13.5
C03116,2029,Political Science,0,6,2.91,3.19,18.1
C00977,2029,Electrical & Computer Engineering,0,37,2.21,2.36,18
C00361,2029,Management,0,14,1.9,2.27,15.2
C02897,2029,Management,0,8,1.6,2.26,13.2
C02798,2029,Electrical & Computer Engineering,0,36,2.88,2.35,23.4
C03652,2029,Undeclared,0,26,1.61,3.01,18.7
C02739,2029,Economics,0,32,1.62,2.65,16.8
C03153,2029,Management,0,12,2.36,2.34,12.5
C00138,2029,Cyber Science,1,30,2.22,4,17.8
C01206,2029,Behavioral Sciences,0,33,3.72,2.59,13.6
C04021,2029,English,0,38,1.88,2.44,17.2
C00969,2029,Economics,0,26,2.05,1.51,14.6
C01960,2029,Civil & Environmental Engineering,0,5,3.17,3.16,21.1
C02745,2029,Physics,0,36,3.18,2.24,19.4
C01986,2029,Political Science,0,38,1.39,2.14,14.6
C03863,2029,Undeclared,0,11,2.42,1.85,13.9
C02097,2029,English,0,2,2.31,2.52,14.5
C03094,2029,Military & Strategic Studies,1,14,3.53,3.22,15.5
C03007,2029,Physics,0,29,2.25,3.14,19
C00898,2029,Behavioral Sciences,0,8,2.19,2.03,14.7
C00372,2029,Mechanical Engineering,1,36,2.2,3.2,22.7
C00001,2029,English,0,33,2.01,1.86,14.7
C03795,2029,Operations Research,0,12,1.56,2.41,13.7
C03578,2029,Physics,1,39,3.63,3.76,16.7
C02011,2029,Military & Strategic Studies,0,7,2.37,2.68,16
C02474,2029,Economics,0,26,3.63,2.25,21.7
C03557,2029,Undeclared,0,17,2.75,3.08,15.7
C02022,2029,Undeclared,1,1,2.55,3.82,15.3
C02808,2029,Political Science,1,1,1.98,3.64,13.4
C00733,2029,Computer Science,1,25,2.51,3.75,16.8
C02664,2029,Behavioral Sciences,0,25,3.03,2.24,19.9
C02660,2029,Astronautical Engineering,0,30,2.93,2.97,21.8
C02442,2029,Electrical & Computer Engineering,0,24,3.25,2.53,24.7
C00433,2029,Management,1,5,0.92,3.36,3.7
C01797,2029,Chemistry,0,5,3.1,2.95,24.9
C01749,2029,Computer Science,0,24,1.64,2.77,23
C00546,2029,Astronautical Engineering,0,26,3.01,2.69,18.2
C00940,2029,Military & Strategic Studies,0,34,2.36,2.4,15.6
C00511,2029,Economics,0,39,2.01,2.93,17
C02856,2029,Geospatial Science,0,4,1.95,2.82,16.6
C02722,2029,Cyber Science,0,34,3.65,2.39,22.4
C00013,2029,Military & Strategic Studies,0,16,2.87,2.68,14.1
C00470,2029,Mathematical Sciences,1,22,2.07,4,13.9
C02056,2029,Undeclared,1,12,2.56,4,11.9
C02362,2029,Management,0,31,2.25,3.47,21.1
C03135,2029,Data Science,0,1,3.11,2.47,18.4
C02257,2029,History,1,38,2.53,3.22,14
C02630,2029,Management,0,33,2.46,2.81,20
C00334,2029,Aeronautical Engineering,0,23,3.92,1.98,22.7
C02382,2029,Undeclared,0,35,2.83,1.88,18.4
C03975,2029,Management,1,26,2.21,3.68,9
C02913,2029,Management,1,18,2.92,3.24,12.7
C01396,2029,Mathematical Sciences,0,6,2.54,2.32,15.5
C00773,2029,Military & Strategic Studies,1,25,2.06,3.57,15.7
C02515,2029,Economics,0,33,2.6,2.58,13.7
C02822,2029,Mechanical Engineering,0,20,2.8,2.6,21.9
C02969,2029,Undeclared,0,31,1.19,2.61,18.3
C00330,2029,Physics,0,32,3.62,1.75,19.6
C03036,2029,Systems Engineering,0,21,3.31,2.56,22
C01995,2029,Management,1,21,2.21,3.94,16.5
C02585,2029,Biology,1,1,2.81,2.9,15.1
C02625,2029,Systems Engineering,1,30,2.62,3.31,16.1
C02223,2029,Management,0,4,2.63,2.1,19.8
C00423,2029,Mechanical Engineering,1,5,3.23,2.95,19.9
C01975,2029,Behavioral Sciences,0,34,2.5,2.26,6.7
C01970,2029,Foreign Area Studies,0,39,2.22,2.82,13.3
C03733,2029,Mathematical Sciences,1,30,2.72,3.62,18.4
C02783,2029,Management,0,22,1.71,2.86,14.6
C01696,2029,Political Science,0,9,3.09,2.47,21.9
C03370,2029,Meteorology,1,21,2.02,3.41,16.7
C03231,2029,Cyber Science,0,29,1.32,1.14,17.1
C02104,2029,Management,0,37,2.71,1.96,16.5
C02267,2029,Undeclared,0,13,2.51,3.04,15.5
C01743,2029,Undeclared,0,25,2,1.65,18.7
C00170,2029,Aeronautical Engineering,0,6,3.5,3.03,18.7
C00271,2029,Management,1,15,2.09,4,12
C00002,2029,Electrical & Computer Engineering,0,22,2.13,2.19,20.1
C00157,2029,Behavioral Sciences,0,35,3.08,2.59,18.8
C03379,2029,Military & Strategic Studies,0,4,2.2,2.89,16.5
C03044,2029,Undeclared,0,19,2.65,2.09,16.9
C02964,2029,Undeclared,0,5,2.03,2.52,8.2
C00755,2029,Meteorology,0,37,2.38,2.51,15.8
C00606,2029,Economics,0,40,1.82,1.73,15.2
C02872,2029,Behavioral Sciences,0,15,2.88,2.4,20.5
C03893,2029,Systems Engineering,0,22,2.15,2.07,17.5
C00227,2029,Management,0,30,1.66,1.76,15.5
C01472,2029,Meteorology,0,6,2.83,2.06,15.8
C01617,2029,Economics,1,37,2.61,2.96,22.2
C01510,2029,Electrical & Computer Engineering,0,40,2.96,3.03,22.9
C00925,2029,Management,0,38,2.32,2.6,10.1
C03141,2029,Biology,1,11,2.37,4,14.7
C03412,2029,Management,0,33,2.76,2.13,15.3
C02333,2029,Management,0,26,2,3.09,11
C01900,2029,Cyber Science,1,19,2.77,2.99,14.5
C03884,2029,Behavioral Sciences,0,40,2.77,2.77,15.7
C01316,2029,Management,0,36,3.14,2.12,16.3
C01569,2029,Systems Engineering,0,19,1.02,2.43,12.7
C02572,2029,Data Science,0,5,2.86,1.62,19
C01747,2029,Political Science,0,27,2.48,1.95,16.6
C02800,2029,Undeclared,1,15,2.88,3.11,12.6
C02398,2029,Undeclared,0,40,2.82,2.62,16.5
C00539,2029,Cyber Science,0,7,2.77,2.34,20
C03651,2029,Management,1,27,2.54,4,13.3
C02159,2029,Aeronautical Engineering,0,34,3.16,2.21,22.5
C02706,2029,Political Science,0,29,2.03,2.91,17.9
C00736,2029,Mathematical Sciences,1,25,3.17,3.81,15
C00586,2029,Computer Science,0,33,2.16,1.73,20.8
C00989,2029,Undeclared,0,21,2.23,2.76,16.7
C03877,2029,Computer Science,0,18,3.32,2.37,22
C03385,2029,Electrical & Computer Engineering,0,3,3.45,2.01,23.3
C02538,2029,Undeclared,0,23,2,2.86,21.1
C03972,2029,Electrical & Computer Engineering,0,10,3.56,2.66,21.8
C01194,2029,Aeronautical Engineering,0,29,2.54,3.05,23.1
C00368,2029,Computer Science,0,19,2.36,4,18.2
C01192,2029,Political Science,1,37,2.39,3.64,14.7
C03666,2029,Operations Research,1,35,2.49,3.65,15.9
C00382,2029,Computer Science,0,28,2.09,1.96,23.6
C02605,2029,Political Science,1,30,1.74,4,14.8
C03095,2029,Mechanical Engineering,1,27,3.48,3.15,20.5
C02980,2029,Geospatial Science,1,22,3.63,3.26,16.4
C02490,2029,Mechanical Engineering,0,30,2.75,3,18.3
C01635,2029,Mathematical Sciences,0,40,3.88,2.89,24.1
C02758,2029,Electrical & Computer Engineering,0,35,2.56,2,23.6
C02247,2029,Management,0,38,1.99,2.23,12.7
C03171,2029,Foreign Area Studies,0,36,2.05,3.06,14.3
C02637,2029,Aeronautical Engineering,0,13,3.02,1.7,22.6
C00578,2029,Operations Research,0,1,2.89,2.42,16
C00924,2029,Economics,0,34,3.39,2.41,18.3
C01164,2029,Management,0,29,1.94,2.68,11.5
C00717,2029,Behavioral Sciences,0,29,2.25,2.73,12.3
C03997,2029,Undeclared,0,16,2.33,2.74,13.3
C01412,2029,Management,0,27,2.42,2.78,11.3
C01274,2029,Cyber Science,0,8,2.12,2.19,18.9
C02880,2029,Cyber Science,0,38,2.81,2.2,14.9
C01715,2029,Operations Research,1,2,2.34,3.62,7.5
C03457,2029,Mechanical Engineering,0,10,3.28,3.41,23.1
C01866,2029,History,0,38,2.46,2.57,12.9
C01693,2029,History,0,11,2.07,1.95,15.3
C03948,2029,Undeclared,1,6,2.67,3.82,11
C03624,2029,Management,1,2,2.7,3.85,14.6
C03568,2029,Economics,1,38,1.78,3.44,11.3
C01924,2029,Management,0,28,2.95,2.01,19.4
C03505,2029,History,0,9,2.27,2.37,14.3
C01035,2029,Undeclared,1,19,2.38,3.41,17.7
C01499,2029,Physics,0,33,2.25,2.47,20.5
C01803,2029,Economics,0,40,2.65,2.41,19.5
C01385,2029,Management,0,32,2.24,2.01,14.8
C00790,2029,Economics,0,21,1.93,1.63,13.9
C02349,2029,Mechanical Engineering,0,6,3.31,2.37,22.7
C02005,2029,Cyber Science,0,21,3.04,3.11,22.1
C00707,2029,History,1,40,2.51,4,11.8
C01755,2029,Undeclared,1,18,2.79,3.65,18.4
C00452,2029,Management,0,37,2.89,3.17,16.9
C00568,2029,Undeclared,1,22,1.73,3.2,10.1
C01304,2029,Physics,0,24,3.62,2.22,25
C00369,2029,Biology,0,5,1.91,2.23,18.2
C02812,2029,Management,0,38,3.81,1.85,13.1
C02689,2029,Philosophy,1,33,2.23,3.86,17.7
C03839,2029,Military & Strategic Studies,0,31,3.21,2.63,20
C02555,2029,Data Science,0,16,3.58,2.64,17.2
C00319,2029,Aeronautical Engineering,1,22,2.68,3.37,14.3
C01520,2029,Economics,0,33,3.1,2.07,12.7
C01148,2029,Political Science,0,15,1.79,2.04,17.2
C03677,2029,Political Science,0,21,1.81,2.53,14.2
C01521,2029,Management,0,40,1.83,3.01,15.7
C01907,2029,Management,0,37,2.84,2.56,15.7
C02215,2029,Astronautical Engineering,1,32,4,4,25.1
C02252,2029,Management,0,36,2.67,1.83,10.4
C03933,2029,Aeronautical Engineering,0,35,2.45,2.02,23
C04007,2029,Legal Studies,0,11,2.96,2.29,18.9
C01741,2029,Management,0,20,2.97,2.06,12.5
C03281,2029,Aeronautical Engineering,0,25,1.82,2.01,21.3
C01785,2029,Systems Engineering,0,25,2.52,2.31,19.6
C00956,2029,Undeclared,1,37,2.16,3.29,16.3
C03381,2029,Undeclared,0,27,3.02,2.03,18.7
C03924,2029,Management,1,2,3.97,2.74,13.5
C04026,2029,Military & Strategic Studies,0,12,1.85,2.92,14.5
C02898,2029,Management,0,3,2.33,2.54,17.2
C00713,2029,Physics,0,24,4,2.25,23.7
C00412,2029,Economics,1,5,2.22,3.88,10.3
C01891,2029,Mechanical Engineering,0,18,3.46,2.01,27.4
C01462,2029,Geospatial Science,0,14,2.26,3.24,20.5
C03741,2029,Chemistry,0,9,4,2.93,20.3
C01252,2029,Economics,0,2,1.37,3.45,18.2
C02432,2029,Undeclared,0,39,3.53,2.68,21.9
C02879,2029,Systems Engineering,0,30,3.29,2.88,24.8
C02070,2029,Management,1,30,2.2,3.22,16.6
C01069,2029,Operations Research,1,27,1.74,3.99,12.8
C02992,2029,Undeclared,1,31,1.43,3.64,12.8
C03216,2029,Political Science,0,13,2.85,1.28,21.1
C01034,2029,Legal Studies,0,20,3.52,1.54,21.6
C01156,2029,Management,0,8,2.5,2.83,17.8
C01370,2029,Economics,0,33,1.44,2.11,6.4
C02820,2029,Military & Strategic Studies,0,22,2.97,1.62,19.7
C02818,2029,Meteorology,1,26,3.84,4,16.8
C01168,2029,Electrical & Computer Engineering,1,38,3.87,4,21.9
C02824,2029,Computer Science,0,36,1.88,3.26,23
C00499,2029,Undeclared,0,16,2.47,2.84,21.1
C02050,2029,Geospatial Science,1,9,0.98,3.98,13.8
C02827,2029,Behavioral Sciences,1,27,1.8,3.12,13.2
C02376,2029,History,0,4,2.99,1.78,14.5
C01139,2029,Civil & Environmental Engineering,1,1,3.36,3.59,20.1
C02560,2029,Management,0,31,2.09,1.88,14.8
C01047,2029,Management,0,9,2.16,2.1,6.8
C02051,2029,Management,1,25,2.85,3.64,13.1
C01895,2029,Management,0,20,2.65,2.3,14.3
C03908,2029,History,0,37,3.02,3.26,17.6
C02030,2029,Civil & Environmental Engineering,1,24,2.48,3.33,16
C00455,2029,Electrical & Computer Engineering,0,10,3.7,1.43,23.5
C00346,2029,Undeclared,0,36,3.58,2.41,13.7
C00590,2029,Undeclared,0,40,1.9,2.78,12.2
C03641,2029,English,0,5,2.98,3.1,15.6
C00216,2029,Political Science,0,22,2.35,3.43,20
C03690,2029,Electrical & Computer Engineering,1,1,1.73,2.9,17.8
C01272,2029,Aeronautical Engineering,0,24,3.23,3.11,21.8
C02877,2029,Aeronautical Engineering,0,3,2.47,2.13,20.8
C00036,2029,Biology,0,17,3.11,1.26,17.8
C01123,2029,Cyber Science,1,26,3,3.02,19.5
C02219,2029,Economics,0,36,2.27,2.41,19.9
C03100,2029,Management,0,13,1.98,2.03,11.1
C00991,2029,Geospatial Science,0,27,2.23,2.47,16.1
C00083,2029,Political Science,0,27,3.75,1.97,15.7
C00976,2029,Management,1,39,1.83,3.2,8.8
C01166,2029,Undeclared,0,7,4,2.44,17.6
C00215,2029,Data Science,1,12,2.67,3.36,17.4
C02889,2029,Political Science,0,39,1.94,1.81,16.7
C00111,2029,Operations Research,0,24,2.31,2.85,16.6
C03182,2029,Operations Research,0,6,3.11,2.37,19.1
C03591,2029,Behavioral Sciences,0,9,1.47,2.4,18.5
C03928,2029,Electrical & Computer Engineering,0,34,4,2.23,21.9
C01515,2029,Management,1,13,1.35,3.43,6.1
C01068,2029,Undeclared,0,10,3.05,2.38,19.1
C01994,2029,Political Science,1,10,2.38,3.54,8.5
C00617,2029,Cyber Science,0,33,2.53,2.63,20.8
C02280,2029,Aeronautical Engineering,0,8,2.98,2.24,14.4
C00807,2029,Operations Research,1,5,2.53,2.11,15.5
C00045,2029,Management,0,31,2.27,3.46,15.5
C01957,2029,Management,0,14,4,2.26,25.5
C03120,2029,Undeclared,0,40,2.71,2.54,13.5
C03343,2029,Political Science,0,4,1.65,2.62,16.6
C03920,2029,Computer Science,0,31,1.92,1.26,18.7
C00042,2029,Electrical & Computer Engineering,0,7,3.49,2.71,19.5
C02305,2029,Cyber Science,1,38,3.19,4,16.3
C03435,2029,Undeclared,0,12,1.66,1.67,12.9
C02593,2029,Computer Science,0,17,2.79,1.98,19.8
C03364,2029,Economics,1,15,2.47,4,4.9
C03328,2029,Biology,1,25,3.62,3.36,18.4
C00394,2029,Management,1,3,3.46,3.88,11.6
C01305,2029,Political Science,1,35,3.46,3.59,15.6
C01429,2029,Management,0,25,3.25,2.47,19.4
C02436,2029,Systems Engineering,1,25,2.55,2.9,15.5
C02084,2029,Undeclared,0,39,2.08,2.37,18.7
C01959,2029,Chemistry,0,6,3.74,2.06,27.6
C02229,2029,Management,0,7,1.89,1.45,15.5
C00945,2029,Mechanical Engineering,0,37,1.96,2.79,16.5
C01862,2029,Undeclared,1,1,2.83,3.11,13.6
C01721,2029,Civil & Environmental Engineering,0,31,3.29,1.93,27.6
C00396,2029,Military & Strategic Studies,0,1,1.91,2.29,15.3
C02408,2029,Operations Research,0,27,2.5,2.54,17.5
C00292,2029,Management,1,3,2.3,3.21,7
C03643,2029,Mechanical Engineering,0,24,2.37,2.81,25.8
C02556,2029,Geospatial Science,0,9,2.34,2.69,19.7
C03144,2029,Management,1,3,1.54,3.48,7
C03971,2029,Management,1,29,2.41,3.81,12.8
C01608,2029,Economics,1,34,2.23,3.6,14.3
C02123,2029,Aeronautical Engineering,0,33,2.83,1.83,25
C04025,2029,Mathematical Sciences,0,31,3.75,2.11,20.5
C01745,2029,Behavioral Sciences,0,6,2.86,2.09,18.6
C03553,2029,Mechanical Engineering,0,13,2.69,2.48,21.1
C02576,2029,Undeclared,1,27,2.12,4,14.4
C00522,2029,Undeclared,0,17,2.22,1.99,13.5
C02045,2029,Management,1,19,1.95,4,15.9
C01845,2029,Aeronautical Engineering,1,38,3.07,3.83,21.6
C03590,2029,Civil & Environmental Engineering,0,34,3.71,2.37,20.8
C03227,2029,History,1,17,0.68,3.38,8.2
C02207,2029,Mathematical Sciences,1,25,2.33,3.76,17
C03408,2029,Undeclared,0,2,3.15,3.3,16.7
C03112,2029,Computer Science,0,9,3.95,2.7,24.8
C01216,2029,Computer Science,0,38,2.91,2,24.1
C02071,2029,Aeronautical Engineering,1,21,1.59,4,13.4
C02170,2029,Military & Strategic Studies,0,38,3.53,2.79,13.7
C00919,2029,Undeclared,0,6,1.89,1.44,13.2
C02328,2029,Electrical & Computer Engineering,0,30,2.85,2.69,16
C01705,2029,History,0,9,2.92,2.8,18.2
C01467,2029,Foreign Area Studies,0,27,0.85,2.41,15.8
C01340,2029,Electrical & Computer Engineering,1,12,1.43,3.59,15.4
C00427,2029,Data Science,1,9,2.39,4,10.9
C03075,2029,Astronautical Engineering,0,12,2.68,1.95,17.9
C00533,2029,Aeronautical Engineering,1,22,3.09,4,26.2
C03253,2029,Management,1,17,2.71,3.23,7
C03348,2029,Undeclared,0,26,2.69,2.35,16.8
C00389,2029,Electrical & Computer Engineering,0,25,2.62,2.53,23.2
C00195,2029,Mechanical Engineering,1,7,3.5,3.17,19.1
C03763,2029,History,0,18,0.69,3.47,13.6
C03574,2029,Management,1,21,2.14,3.2,12.1
C03136,2029,Management,0,1,4,2.03,19
C02281,2029,Behavioral Sciences,0,33,2.93,3.61,16.9
C00826,2029,Geospatial Science,0,40,3.93,2.38,21.6
C03653,2029,Aeronautical Engineering,0,33,3.26,2.51,20.5
C02631,2029,Mathematical Sciences,0,31,2.47,3.11,19.9
C02505,2029,Geospatial Science,1,17,2.86,3.36,12.6
C03743,2029,Foreign Area Studies,0,22,2.11,2.32,15
C03113,2029,Meteorology,1,23,2.86,4,17.4
C01987,2029,Operations Research,0,3,2.7,1.82,16.3
C01621,2029,Undeclared,1,18,1.86,3.73,14.4
C01259,2029,Management,0,10,2.34,1.7,11.2
C03729,2029,Management,0,14,1.23,2.21,16.1
C02904,2029,Economics,0,1,2.56,2.5,10.9
C01129,2029,Military & Strategic Studies,1,36,1.94,3.55,17.3
C02218,2029,English,0,24,2.67,2.24,16
C00205,2029,Biology,0,35,2.1,1.47,18.8
C02668,2029,Behavioral Sciences,0,26,1.6,3.16,9.4
C03629,2029,Computer Science,0,1,2.44,2.49,18.3
C01931,2029,Economics,1,25,4,3.24,15.6
C00962,2029,Economics,0,14,3.38,2.42,14.4
C00611,2029,Political Science,0,33,2.94,2.07,18.7
C02627,2029,Undeclared,0,11,2.73,2.57,19.7
C02603,2029,Legal Studies,0,12,3.25,2.7,23.6
C01681,2029,Aeronautical Engineering,1,10,3.35,4,18.5
C02916,2029,Undeclared,1,4,2.31,2.91,15.7
C00561,2029,Behavioral Sciences,0,6,0.89,2.86,9.2
C00146,2029,Chemistry,1,27,3.54,3.34,24.1
C00445,2029,Computer Science,0,8,2.92,0.93,21
C00196,2029,Electrical & Computer Engineering,0,10,2.78,1.78,25
C03576,2029,Systems Engineering,0,2,2.96,3.08,15.6
C01149,2029,Political Science,1,2,2.79,3.13,19
C00661,2029,Political Science,1,8,2.16,3.57,14.2
C02469,2029,Undeclared,1,39,2.04,3.38,7.4
C01041,2029,Computer Science,0,15,1.75,2.33,10.4
C00908,2029,Mechanical Engineering,1,10,3.1,3.85,25.2
C02392,2029,Computer Science,0,35,2.36,2.62,20
C01121,2029,Management,1,5,2.59,3.17,14.1
C01489,2029,Astronautical Engineering,0,12,3.41,1.78,15
C01637,2029,Political Science,0,40,1.8,1.81,11.1
C04018,2029,Data Science,0,19,2.89,2.06,18.9
C03942,2029,Electrical & Computer Engineering,0,33,1.47,3.49,20.2
C01018,2029,Management,1,9,1.77,3.03,14.2
C02618,2029,Biology,0,34,1.78,2.85,12.9
C00246,2029,Aeronautical Engineering,0,32,4,1.79,27.1
C00808,2029,Astronautical Engineering,0,17,2.65,3.02,19.5
C03519,2029,Management,1,12,2.17,2.82,16.1
C01233,2029,Undeclared,1,16,2.14,3.58,11.6
C03122,2029,Military & Strategic Studies,1,1,1.9,3.56,9
C03841,2029,Political Science,0,31,2.76,2.02,15.6
C00516,2029,Systems Engineering,1,34,2.35,3.61,13.1
C02260,2029,Cyber Science,0,31,3.9,2.59,21.3
C03305,2029,Biology,0,29,1.97,2.98,16.2
C03822,2029,Aeronautical Engineering,1,15,1.72,3.71,18.8
C02010,2029,Management,0,18,2.11,2.2,20.7
C02886,2029,Systems Engineering,0,23,2.57,2.2,18.7
C02380,2029,Mechanical Engineering,0,7,3.34,1.65,18.5
C01373,2029,Management,1,5,2.55,2.86,14.2
C02580,2029,Undeclared,0,34,2.43,2.99,19
C03070,2029,Management,0,37,2.65,3.46,12.3
C02321,2029,Astronautical Engineering,0,23,3.08,3.73,15.1
C00487,2029,Management,0,9,2.97,2.42,12.3
C00392,2029,Undeclared,1,32,3.05,3.01,23.5
C03526,2029,Economics,0,32,2.74,2.22,17
C01668,2029,Management,0,20,2.25,2.48,10.8
C02177,2029,Management,1,10,2.73,3.78,10.4
C01208,2029,Management,1,30,2.47,3.42,12.6
C00174,2029,Undeclared,0,21,2.47,2.32,11.3
C00383,2029,Aeronautical Engineering,0,21,3.24,3.74,26.3
C01147,2029,Computer Science,0,33,2.2,2.3,17.5
C00451,2029,Undeclared,0,27,3.14,2.38,23.4
C00980,2029,Computer Science,0,31,3.83,2.2,24.3
C00716,2029,History,0,2,2.77,1.84,23.4
C01563,2029,Undeclared,0,4,3.2,2.91,18.6
C03599,2029,Legal Studies,0,34,2.55,2.55,14.9
C03152,2029,History,0,14,2.45,2.03,16.9
C00562,2029,Undeclared,0,36,2.51,3.43,12.1
C00605,2029,Management,1,38,2.54,3.34,10.6
C02023,2029,Astronautical Engineering,0,20,3.14,2.58,17.5
C01684,2029,Computer Science,0,9,3.27,2.16,23.2
C01285,2029,Management,0,9,2.42,1.33,16.5
C02688,2029,History,1,3,2.39,3.68,15
C00260,2029,Astronautical Engineering,0,11,3.67,2.63,22.6
C02034,2029,Management,1,38,2.79,3.07,11.4
C01492,2029,Aeronautical Engineering,0,14,2.91,2.78,23.1
C02697,2029,Undeclared,0,35,2.92,2.95,15.2
C00257,2029,Cyber Science,0,21,3.92,2.61,21.1
C03494,2029,Foreign Area Studies,0,15,2.16,2.5,18.4
C02216,2029,Geospatial Science,0,32,1.9,1.97,15.2
C03765,2029,Management,1,12,3.11,3.22,14.1
C03243,2029,Political Science,0,31,1.99,2.18,18.1
C01288,2029,Economics,0,24,1.46,3.37,10.5
C02313,2029,Data Science,0,15,2.37,2.48,16.7
C02626,2029,History,0,2,1.97,2.35,12.6
C03292,2029,Foreign Area Studies,0,20,1.39,2.37,13.6
C03715,2029,Economics,1,1,2.75,4,18.1
C02728,2029,Astronautical Engineering,0,23,3.81,1.71,21.8
C03172,2029,Geospatial Science,1,32,1.61,3.22,10
C02121,2029,Systems Engineering,0,29,3.15,2.29,20.9
C00844,2029,Computer Science,0,10,2.58,2.1,18.4
C03481,2029,Electrical & Computer Engineering,1,10,3.17,3.9,19.3
C00668,2029,Management,0,19,2.81,1.98,16.1
C02064,2029,Mathematical Sciences,1,8,4,4,24.9
C01482,2029,Political Science,0,14,2.95,2.36,18.5
C00155,2029,Cyber Science,1,11,2.08,3.46,11.9
C01232,2029,Management,0,16,3.14,3.54,18.6
C03722,2029,Management,0,13,2.35,2.12,16.1
C01852,2029,History,0,1,1.84,2.29,14.2
C03031,2029,Management,0,2,3.04,2.61,11.3
C03529,2029,Computer Science,1,12,2.76,3.8,17.8
C03656,2029,Aeronautical Engineering,0,35,3.41,2.78,16.6
C00047,2029,History,1,14,1.72,2.91,10.2
C03073,2029,Systems Engineering,0,13,2.49,1.99,19.3
C01231,2029,Mathematical Sciences,1,39,2.61,3.5,15.9
C01864,2029,Military & Strategic Studies,0,6,1.91,2.4,15.9
C03881,2029,History,0,37,3.55,1.98,17.7
C02459,2029,Undeclared,0,11,1.98,3.09,18.4
C01996,2029,Economics,0,8,3.22,2.5,18.7
C03034,2029,Physics,0,5,3.52,2.46,20.7
C01699,2029,Mechanical Engineering,0,9,3.8,1.89,17.1
C03263,2029,Military & Strategic Studies,0,3,3.36,2,17.6
C01961,2029,Management,1,22,1.63,3.32,11
C00674,2029,Computer Science,1,5,2.78,3.44,18.9
C03779,2029,Cyber Science,1,10,2.52,4,18.6
C01784,2029,Political Science,0,11,2,2.02,16.3
C00691,2029,History,0,32,3.29,1.97,26.2
C02296,2029,Management,1,16,3.23,3.34,14
C03427,2029,Philosophy,0,2,2.04,1.48,15.7
C02194,2029,Management,0,5,3.77,3.55,17.8
C03331,2029,Behavioral Sciences,1,6,2.67,3.41,12.4
C00088,2029,Political Science,1,17,3.25,2.91,14.1
C02494,2029,Behavioral Sciences,1,24,2.49,3.71,11.7
C01247,2029,Management,1,19,1.36,3.75,10
C02962,2029,Systems Engineering,0,6,2.51,2.01,19.9
C01746,2029,Undeclared,0,30,2.65,2.76,21.7
C02616,2029,Mathematical Sciences,1,20,1.56,4,10.2
C00094,2029,Economics,0,8,2.17,2.22,16.5
C03014,2029,Operations Research,0,12,3.83,3.39,16.3
C03922,2029,Management,0,28,1.68,2.54,14.9
C01556,2029,Economics,1,15,2.95,3.59,16.9
C02780,2029,Data Science,0,36,3.44,2.76,18.1
C03358,2029,Data Science,1,35,2.68,3.18,20.6
C00247,2029,Legal Studies,0,28,1.87,2.99,15.3
C00721,2029,Computer Science,1,20,3.04,3.55,15.1
C01809,2029,Data Science,1,39,1.89,3.74,19.2
C03161,2029,Computer Science,0,6,2.13,3.36,23.6
C01333,2029,Management,0,39,2.4,2.51,17.1
C01892,2029,Management,0,21,2.31,1.79,14.1
C03479,2029,Cyber Science,0,36,2.19,2.46,20.1
C01049,2029,Foreign Area Studies,1,32,2.59,2.66,15.7
C03712,2029,Undeclared,0,8,2.97,1.84,19.2
C03203,2029,Mechanical Engineering,1,8,2.69,3.03,18.9
C00953,2029,Cyber Science,1,37,2.13,2.35,19.9
C02869,2029,Aeronautical Engineering,1,22,2.96,3.14,19.6
C00990,2029,Undeclared,0,40,2.27,2.44,18.9
C03485,2029,Meteorology,1,26,2.32,3.31,19.7
C02565,2029,Civil & Environmental Engineering,0,31,3.46,1.95,17.7
C01245,2029,Aeronautical Engineering,0,25,2.46,2.89,22.2
C00620,2029,Undeclared,1,1,1.4,3.32,10.5
C03054,2029,English,1,4,3.14,4,17.4
C01213,2029,Biology,1,24,2.86,4,20.9
C03807,2029,Systems Engineering,1,22,2.22,3.43,15.5
C00461,2029,Data Science,1,37,1.73,4,17.3
C02891,2029,Systems Engineering,0,8,2.71,2.6,20.4
C00793,2029,Economics,1,29,2.17,4,13.7
C03703,2029,Management,0,35,1.98,2.18,11.9
C01585,2029,Behavioral Sciences,0,18,3.14,1.86,21.6
C03632,2029,Undeclared,0,40,3.49,3.25,19.4
C01666,2029,Military & Strategic Studies,0,32,2.94,2.94,14
C03029,2029,Aeronautical Engineering,0,2,2.6,2.34,17.8
C00356,2029,Biology,1,2,2.71,3.59,14.1
C01566,2029,Behavioral Sciences,1,27,4,3.13,15.4
C01324,2029,Management,1,14,2.98,2.75,12.4
C04034,2029,Management,1,8,2.6,3.46,10.8
C02221,2029,Mathematical Sciences,0,2,1.72,2.72,18.1
C02453,2029,Undeclared,0,8,2.31,2.92,17.6
C03077,2029,Biology,0,1,3,2.25,20.1
C01490,2029,Mathematical Sciences,1,3,3.62,3.49,12.2
C03273,2029,Behavioral Sciences,1,37,1.73,3.02,15
C00775,2029,Meteorology,0,1,2.45,1.55,19.8
C01134,2029,Management,1,11,2.58,3.82,11.1
C00672,2029,Political Science,0,19,2.37,2.08,16.9
C03552,2029,Economics,0,21,3.69,2.63,14.8
C03225,2029,Management,0,7,1.33,2.67,11.9
C00819,2029,Chemistry,0,9,2.71,2.89,13.6
C00993,2029,Aeronautical Engineering,1,8,3.54,4,20.9
C03222,2029,Political Science,0,2,1.92,2.97,17.8
C00147,2029,Economics,1,12,2.43,4,16.5
C02254,2029,Behavioral Sciences,0,33,2.45,2,18.4
C01579,2029,Economics,0,30,1.73,2.03,13.8
C03183,2029,Economics,1,17,2.27,4,16.7
C01512,2029,Political Science,0,23,2.23,3.07,17
C03462,2029,Management,0,18,2,2.78,13.3
C03772,2029,Undeclared,1,24,3.29,3.81,13.9
C02939,2029,Systems Engineering,0,39,3.35,2.61,16.4
C01964,2029,Electrical & Computer Engineering,0,4,2.74,3.44,23.4
C02465,2029,Aeronautical Engineering,1,30,3.68,3.35,27.7
C03016,2029,Undeclared,0,9,3.55,1.99,18.6
C01919,2029,Operations Research,0,2,4,2.3,21.8
C03011,2029,Management,0,5,2.6,2.06,10.2
C00581,2029,English,0,6,1.66,2.52,12.2
C01173,2029,Electrical & Computer Engineering,1,31,2.21,3.3,14.8
C02037,2029,Behavioral Sciences,0,5,3.08,2.71,14.7
C03416,2029,Economics,0,22,1.54,2.21,14.7
C00550,2029,Management,0,20,3.44,3.06,20.4
C02330,2029,Operations Research,0,28,2.01,2.61,17.8
C00069,2029,Chemistry,0,9,1.41,2.52,10.9
C03725,2029,Astronautical Engineering,0,31,2.65,3.19,22.6
C02837,2029,Management,0,28,1.56,3.37,12.5
C00322,2029,Economics,0,24,3.59,2.23,18.4
C00289,2029,Legal Studies,0,33,2.4,2.06,14.2
C00008,2029,Management,0,25,2.62,2.93,14
C02541,2029,Management,0,6,2.11,2.17,14.9
C02327,2029,Aeronautical Engineering,0,20,4,2.69,27
C02394,2029,Electrical & Computer Engineering,0,4,2.62,2.63,21.4
C02417,2029,Astronautical Engineering,0,27,1.42,2.6,22
C02468,2029,Behavioral Sciences,0,14,1.64,2.05,20.6
C01420,2029,Cyber Science,0,9,2.97,1.98,13.9
C02938,2029,Physics,0,40,2.26,3.59,16.2
C02299,2029,Behavioral Sciences,0,13,2.77,3.47,19.3
C03297,2029,Astronautical Engineering,1,23,1.93,2.75,17.9
C02138,2029,Management,0,33,3.44,2.18,18.3
C03849,2029,Electrical & Computer Engineering,1,18,2.02,2.79,12.5
C00971,2029,Systems Engineering,0,37,3.4,2.58,26.8
C02782,2029,Civil & Environmental Engineering,0,12,3.72,2.66,15.8
C01382,2029,Aeronautical Engineering,1,11,3.25,3.39,17.6
C03117,2029,Management,0,6,2.17,3.32,12.6
C02269,2029,Management,1,15,1.1,2.47,8.8
C02399,2029,Management,1,19,2.14,3.42,10.1
C01346,2029,Undeclared,1,16,1.45,3,9.7
C01733,2029,English,0,39,2.95,1.98,18.5
C03564,2029,Systems Engineering,0,21,3.17,1.73,17.4
C03996,2029,Astronautical Engineering,1,24,1.75,3.08,13.3
C03501,2029,Undeclared,1,39,2.21,2.81,13
C03306,2029,History,0,35,2.39,2.36,17.4
C01087,2029,Systems Engineering,0,3,4,2.18,24.5
C02444,2029,Computer Science,0,5,2.63,1.97,17.4
C01537,2029,Cyber Science,0,39,2.63,2.3,23.3
C03885,2029,Management,0,11,2.58,2.68,16.2
C02567,2029,Economics,0,35,2.25,3.86,16.9
C01154,2029,Aeronautical Engineering,0,13,3.44,1.99,19.3
C01255,2029,Civil & Environmental Engineering,0,29,3.02,2.65,17.2
C02089,2029,Economics,0,23,3.08,2.85,17.5
C02823,2029,Legal Studies,0,16,2.32,2.42,18.7
C00039,2029,Astronautical Engineering,1,35,2.26,2.9,18.3
C01777,2029,Electrical & Computer Engineering,0,27,3.81,1.82,24.4
C02386,2029,Aeronautical Engineering,0,37,1.98,3.51,16.7
C02804,2029,Mechanical Engineering,0,40,2.47,1.83,24.7
C01195,2029,Meteorology,0,24,1.85,2.61,13.1
C02310,2029,Physics,0,27,1.72,2.43,14
C03550,2029,English,0,40,1.16,2.57,19
C00709,2029,Undeclared,1,11,2.88,3.57,14
C02931,2029,Aeronautical Engineering,0,40,1.91,3.23,20
C02450,2029,Aeronautical Engineering,0,37,4,2.38,25.3
C00763,2029,Geospatial Science,0,11,2.88,1.85,25
C01810,2029,Economics,0,6,3.44,1.76,21.5
C00005,2029,Astronautical Engineering,0,6,3.13,2.4,21
C03966,2029,Military & Strategic Studies,0,9,1.93,1.84,17.8
C01713,2029,Behavioral Sciences,1,38,3.19,3.23,17.5
C01059,2029,Management,0,13,2.88,2.34,10
C00537,2029,Systems Engineering,0,32,2.81,1.84,19.1
C00198,2029,Economics,0,3,2.31,3.11,19.8
C00370,2029,Chemistry,1,6,2.89,2.77,16.1
C00028,2029,Behavioral Sciences,0,31,2.71,1.75,14.9
C00732,2029,Physics,0,28,3.77,2.46,20
C00920,2029,Undeclared,0,37,3.43,2.73,18.9
C01511,2029,History,0,4,4,2.34,20.2
C01073,2029,Undeclared,0,25,1.92,2.64,13.8
C03912,2029,Management,0,5,2.28,2.57,19.2
C00067,2029,Physics,0,35,2.73,3.61,15.4
C02294,2029,Mathematical Sciences,1,8,2.61,3.14,21.4
C00337,2029,Undeclared,0,23,2.24,2.46,20.8
C01294,2029,Undeclared,1,36,3.44,3.65,15.9
C02307,2029,Biology,1,11,1.61,4,12.6
C01200,2029,Management,0,16,3.1,2.17,14.6
C02671,2029,Political Science,1,16,3.1,3.19,15.5
C02183,2029,Undeclared,1,7,1.63,3.09,14.1
C00901,2029,Electrical & Computer Engineering,1,1,2.21,3.73,17.9
C00856,2029,Meteorology,1,30,3.65,3.68,14.5
C02157,2029,Civil & Environmental Engineering,0,10,3.28,3.35,20.9
C01133,2029,Management,1,4,2.74,3.11,11.7
C02312,2029,Astronautical Engineering,0,2,2.58,2.29,20.9
C03202,2029,Management,0,27,2.34,2.56,18
C01281,2029,Systems Engineering,1,33,1.42,3.17,18.1
C02612,2029,Systems Engineering,0,37,3.58,2.84,22
C02298,2029,Military & Strategic Studies,0,1,0.67,1.74,17.5
C01949,2029,Management,0,40,3.4,2.62,16.5
C01024,2029,Undeclared,1,29,1.71,3.46,11.5
C04031,2029,Electrical & Computer Engineering,0,26,3.98,3,26.5
C02875,2029,Undeclared,0,10,2.44,2.86,12.6
C02085,2029,Undeclared,0,4,3.14,2.62,16.8
C03184,2029,Electrical & Computer Engineering,1,25,2.68,3.92,17.7
C01732,2029,Management,0,23,3.48,2.64,19.1
C01690,2029,Mathematical Sciences,1,26,1.35,2.92,18.8
C01761,2029,Civil & Environmental Engineering,0,39,1.3,3.01,14.1
C02738,2029,Undeclared,1,25,1.7,4,8.4
C02598,2029,Economics,1,32,3.66,4,13.3
C00665,2029,Aeronautical Engineering,1,37,1.83,3.12,18.6
C00286,2029,Chemistry,0,38,3.6,2.55,16.2
C03806,2029,Mathematical Sciences,1,5,3.49,3.59,15.7
C02766,2029,Electrical & Computer Engineering,1,13,2.45,3.23,22.1
C01868,2029,Political Science,0,13,2.59,3.35,14.6
C02591,2029,Operations Research,0,22,3.05,3.21,20.1
C01616,2029,Systems Engineering,0,25,1.91,2.36,16.6
C03680,2029,Economics,0,23,2.83,3.27,21.8
C03186,2029,Aeronautical Engineering,0,16,4,3.17,24.8
C02196,2029,Operations Research,1,1,2.07,3.98,14.9
C02466,2029,Cyber Science,1,37,2.84,4,17.4
C00997,2029,Legal Studies,0,32,2.85,2.85,16.7
C03299,2029,English,0,28,1.8,2.22,10.5
C03530,2029,Electrical & Computer Engineering,0,6,3.67,3.01,24.1
C01692,2029,Astronautical Engineering,0,21,2.65,2.62,21.8
C00020,2029,Economics,1,37,1.9,3.19,12.8
C00086,2029,Management,0,6,2.89,1.48,11.4
C03612,2029,Undeclared,0,2,2.09,3.05,14.5
C03645,2029,Mechanical Engineering,0,2,3.35,3.1,21.9
C01389,2029,Management,0,28,2.11,3.22,12.1
C03229,2029,Operations Research,1,9,2.5,3.65,14.9
C03575,2029,Management,0,5,2.4,1.89,14.1
C03286,2029,Mechanical Engineering,1,15,3.44,4,18.8
C03891,2029,Mechanical Engineering,0,3,3.35,2.57,22.7
C00465,2029,Civil & Environmental Engineering,1,35,2.32,3.74,19.1
C02300,2029,Management,0,4,3.04,1.74,14.1
C02146,2029,Undeclared,1,2,2.64,3.54,15.9
C01754,2029,Biology,0,22,2.26,1.52,20.8
C02129,2029,Chemistry,0,8,2.17,3.37,19.2
C00741,2029,Computer Science,1,23,2.13,2.33,18.6
C01655,2029,Military & Strategic Studies,1,25,3.33,3.78,16
C03486,2029,Management,1,37,2.66,3.14,14.4
C00436,2029,Economics,1,19,3,3.59,11.5
C02895,2029,Undeclared,0,7,2.87,1.82,12.1
C00211,2029,Computer Science,0,9,3.25,2.65,25.6
C00521,2029,Political Science,0,12,2.46,1.79,13.7
C03634,2029,Political Science,0,21,2.2,2.52,14
C04004,2029,Legal Studies,0,12,3.1,2.81,26.6
C01000,2029,Undeclared,0,17,2.99,1.95,15.8
C01567,2029,Political Science,0,11,2.34,2.24,20.4
C02979,2029,History,1,31,3.26,3.79,16.2
C01483,2029,Management,0,18,1.32,1.87,11.6
C03212,2029,Management,0,13,2.37,2.39,20.4
C01901,2029,Management,0,22,2.32,1.95,16.1
C01088,2029,Management,0,16,2.2,2.34,16.6
C01453,2029,Data Science,0,1,3.67,0.88,20.8
C00804,2029,Management,0,39,3.26,2.06,13.6
C02356,2029,Undeclared,1,19,2.26,3.41,9.3
C01827,2029,Economics,0,25,2.1,2.73,17.9
C02759,2029,Operations Research,0,12,2.83,2.31,19.4
C02754,2029,Astronautical Engineering,0,15,3.13,1.46,24.4
C01825,2029,Economics,0,35,1.97,2.55,14.4
C00968,2029,Undeclared,0,15,2.52,2.16,15.5
C01143,2029,Undeclared,0,21,2.83,2.25,17.1
C00335,2029,Behavioral Sciences,0,33,3.44,2.66,16.7
C01937,2029,English,0,39,2.78,1.46,17.8
C00935,2029,Economics,1,39,1.79,3.22,13.2
C02353,2029,Management,0,19,3.01,1.63,17.9
C02270,2029,Aeronautical Engineering,0,17,2.57,2.83,22.8
C01263,2029,Operations Research,1,40,3.11,3.7,15
C03192,2029,Data Science,0,7,2.71,2.99,12.8
C01618,2029,Economics,0,36,3.48,2.67,14.9
C01146,2029,Undeclared,0,40,2.53,2.16,17.6
C02683,2029,Economics,0,10,2.82,2.2,19.6
C00510,2029,Undeclared,1,39,4,3.39,16.8
C00874,2029,Data Science,0,40,3.08,2.28,17.8
C01448,2029,Military & Strategic Studies,1,35,2.59,2.96,9.5
C01671,2029,Geospatial Science,1,33,2.65,2.87,20.1
C00966,2029,Management,0,18,1.85,2.29,12.1
C01026,2029,Systems Engineering,0,8,3.16,2.39,22.8
C03405,2029,Astronautical Engineering,0,4,2.14,2.41,21.8
C03539,2029,Undeclared,0,9,1.65,2.91,19.6
C03657,2029,Civil & Environmental Engineering,0,24,2.2,2.15,21.1
C01082,2029,Military & Strategic Studies,0,31,2.37,2.47,12.5
C01771,2029,Physics,0,17,3.06,2.2,16.2
C03221,2029,Aeronautical Engineering,1,4,2.74,4,17.8
C01051,2029,Cyber Science,1,9,3.45,3.85,15.3
C03588,2029,Management,0,23,2.78,2.04,17.2
C02522,2029,Management,0,10,1.65,2.19,15.8
C02479,2029,Management,0,36,2.99,3.37,9.3
C03023,2029,Computer Science,0,20,2.88,2.98,23.9
C02273,2029,Computer Science,0,13,2.93,2.5,21.1
C03288,2029,Management,1,8,2.68,3.03,14.8
C01679,2029,Mechanical Engineering,1,13,4,3.85,21.3
C02501,2029,Political Science,1,11,2.32,3.85,15.2
C00824,2029,Systems Engineering,0,13,2.31,2.17,15.7
C02919,2029,Chemistry,1,29,2.18,3.64,15.8
C03081,2029,History,0,15,3.96,2.27,17.1
C03010,2029,Behavioral Sciences,1,30,2.57,4,14.8
C02404,2029,Undeclared,1,24,2.11,3.28,10.5
C01890,2029,Computer Science,0,21,2.6,1.88,17.4
C03191,2029,Chemistry,0,12,2.47,2.18,18.5
C00168,2029,Management,1,38,1.47,2.99,10.8
C03771,2029,Undeclared,0,34,2.1,2.77,11.2
C01250,2029,History,1,18,3.22,3.72,16.4
C00937,2029,Management,1,25,1.43,3.66,13.6
C00025,2029,English,0,26,3.08,2.41,20.3
C00655,2029,Mathematical Sciences,0,17,3.4,1.75,22
C01436,2029,Military & Strategic Studies,0,37,2.88,1.91,17
C02065,2029,Mechanical Engineering,1,37,2.71,4,22.3
C00651,2029,Management,0,13,1.96,2.53,17.5
C02558,2029,Management,1,7,2.77,3.01,16.4
C00854,2029,Civil & Environmental Engineering,0,8,3.34,2.64,17.7
C01106,2029,Chemistry,0,27,1.94,2.27,18.6
C00082,2029,Mechanical Engineering,1,34,2.42,3.16,17.7
C03163,2029,Electrical & Computer Engineering,0,39,3.02,1.67,19
C01338,2029,Undeclared,0,4,3.52,1.55,22.1
C03431,2029,Military & Strategic Studies,0,29,0.83,2.88,15.7
C01111,2029,Cyber Science,0,30,2.86,3.46,18.4
C03318,2029,Geospatial Science,1,38,1.96,3.5,5.6
C01280,2029,Aeronautical Engineering,1,33,3.58,4,17.5
C00693,2029,Systems Engineering,0,40,2.91,2.96,18
C02253,2029,Undeclared,0,34,2.63,2.81,23.3
C00288,2029,Management,0,4,2.78,2.59,18.7
C00858,2029,Undeclared,1,23,2.58,3.91,11.4
C00647,2029,Cyber Science,1,30,2.55,4,12.7
C01057,2029,Behavioral Sciences,0,6,1.8,2.2,20.7
C03115,2029,Chemistry,0,24,2.26,3.34,23.2
C01357,2029,Astronautical Engineering,0,27,3.35,1.62,15.7
C00301,2029,Management,0,31,3.17,3.4,10
C03040,2029,Data Science,0,27,3.2,2.13,15.5
C00614,2029,Management,1,21,2.42,3.34,10.4
C01958,2029,Mechanical Engineering,0,39,2.18,2.37,16.1
C00744,2029,Undeclared,0,10,2.99,3.27,14.9
C01678,2029,Operations Research,0,37,3.64,2.48,24.5
C04033,2029,English,1,28,1.71,3.42,8.7
C02074,2029,Undeclared,1,37,2.83,2.91,15.5
C02357,2029,Meteorology,0,6,2.82,2.9,17.3
C01118,2029,Operations Research,0,28,1.71,3.16,17.3
C02893,2029,Cyber Science,1,14,2.11,3.22,13.4
C03264,2029,Data Science,0,31,3.51,2.4,22.6
C00078,2029,Legal Studies,0,35,2.44,2.16,15.3
C01474,2029,Computer Science,0,31,2.52,2.11,20.9
C00803,2029,Management,1,1,3.13,3.2,16.5
C02676,2029,Systems Engineering,0,8,3.09,1.97,21.9
C03837,2029,Systems Engineering,0,20,2.13,2.18,20.6
C00786,2029,Electrical & Computer Engineering,0,23,4,2.65,24
C02551,2029,Data Science,0,14,1.79,2.64,19
C03142,2029,Systems Engineering,0,32,2.17,2.63,18.3
C03828,2029,Systems Engineering,1,11,3.13,4,19.1
C03923,2029,Meteorology,1,9,1.78,3.82,11.5
C01365,2029,History,0,35,1.96,1.69,10
C01083,2029,Systems Engineering,0,23,2.79,3.23,19
C03931,2029,Management,0,27,1.26,2.61,10.1
C03270,2029,Operations Research,0,33,2.97,1.85,16.2
C02557,2029,Management,1,28,1.11,2.86,10.7
C03654,2029,History,0,12,2.18,2.25,12.1
C03021,2029,Undeclared,0,9,3.13,1.99,20.5
C03106,2029,Electrical & Computer Engineering,0,33,3.27,2.62,19.4
C02199,2029,Systems Engineering,0,19,3.01,1.94,19
C01055,2029,Management,0,27,2.64,2.01,17.8
C00287,2029,Cyber Science,0,38,3.6,2.86,24.7
C01030,2029,Undeclared,0,7,1.63,2.96,18.2
C00637,2029,Mechanical Engineering,0,36,1.87,2.05,25.4
C03906,2029,History,0,39,3.06,1.58,15.7
C03901,2029,Political Science,1,33,3.91,3.89,18.1
C00794,2029,Cyber Science,1,2,3.72,3.38,19.8
C00245,2029,Computer Science,0,37,3.08,3.11,22.7
C02473,2029,History,0,40,3.3,2.46,13.8
C00767,2029,Management,0,13,1.85,2.53,10.2
C03035,2029,Cyber Science,0,7,2.06,3.69,16.8
C01748,2029,Biology,0,12,3.56,2.38,19.6
C03474,2029,Undeclared,0,1,3.22,3.41,19.3
C01632,2029,Management,1,24,3.06,3.65,10.9
C03637,2029,Management,0,35,2.44,3.23,19.1
C01009,2029,Mathematical Sciences,0,11,3.1,2.66,13.2
C04000,2029,Civil & Environmental Engineering,0,25,1.59,3.27,21.1
C01311,2029,Undeclared,0,27,3.6,2.1,21
C00948,2029,Legal Studies,0,12,2.68,2.22,16.5
C03327,2029,Astronautical Engineering,0,2,2.66,2.4,19
C00846,2029,Undeclared,0,27,2.26,2.35,15.8
C00806,2029,Behavioral Sciences,1,18,2.21,4,12.5
C01188,2029,Undeclared,0,12,3.08,2.36,16.9
C00125,2029,Systems Engineering,0,11,3.67,3.37,21.5
C02767,2029,Undeclared,0,36,3.57,2.43,20.3
C00284,2029,Undeclared,0,40,1.61,1.5,15.8
C02673,2029,Foreign Area Studies,1,16,2.2,2.61,15.2
C00482,2029,Management,0,27,4,3.18,22.1
C01536,2029,Behavioral Sciences,1,36,2.78,3.3,14.7
C02776,2029,Military & Strategic Studies,1,24,2.21,3.37,9.9
C01172,2029,English,1,31,3.58,2.46,12.8
C03022,2029,Electrical & Computer Engineering,1,36,1.76,3.63,15.4
C03480,2029,Astronautical Engineering,0,40,3.86,2.29,20.3
C02976,2029,History,0,24,1.97,3.37,12.5
C00077,2029,Biology,0,10,3.12,0.9,22.1
C03991,2029,Management,0,39,2.22,1.95,18.7
C02082,2029,Chemistry,0,37,2.01,2.71,19
C02530,2029,Chemistry,1,2,2.91,3.51,16.8
C01138,2029,Undeclared,1,3,2.02,4,6.9
C01861,2029,Military & Strategic Studies,0,12,2.3,2.05,16
C03817,2029,History,0,21,1.18,2.46,11.6
C03373,2029,Mechanical Engineering,1,26,2.88,3.36,18.1
C01676,2029,Systems Engineering,0,35,2.56,1.29,24.4
C00456,2029,Data Science,1,26,2.92,4,13.8
C01303,2029,Aeronautical Engineering,0,33,3.1,1.36,20.6
C03668,2029,Geospatial Science,1,39,1.38,3.08,12.8
C00870,2029,Astronautical Engineering,1,6,3.35,4,22.7
C02365,2029,Economics,0,33,2.75,1.7,12.7
C00105,2029,Political Science,0,39,3.38,1.32,23
C02470,2029,Management,0,40,2.59,1.54,17.6
C00535,2029,Physics,0,28,2.99,3.09,18.8
C03976,2029,Cyber Science,0,25,2.21,2.82,17.2
C02726,2029,Military & Strategic Studies,1,31,2.81,3.28,13.8
C03740,2028,Electrical & Computer Engineering,0,5,2.49,3.1,17.1
C02744,2028,Management,1,20,2.78,3.8,14.3
C02161,2028,Political Science,0,29,3.74,2.92,16.4
C01804,2028,Undeclared,1,7,1.83,3.66,4.6
C00726,2028,History,0,33,3,3.23,17.7
C03688,2028,History,0,13,2.39,2.55,14.3
C00963,2028,Computer Science,0,18,2.49,2.06,16
C00352,2028,Military & Strategic Studies,0,38,2.6,2.69,17
C02714,2028,Mechanical Engineering,0,5,2.42,2.2,24.1
C00256,2028,History,0,7,1.92,2.21,19.9
C02015,2028,Civil & Environmental Engineering,1,14,2.53,4,18.6
C03447,2028,Military & Strategic Studies,0,24,2.45,2.4,19.3
C00003,2028,Civil & Environmental Engineering,0,6,4,2.81,24.5
C01384,2028,Management,0,38,2.78,2.44,19.6
C01880,2028,Aeronautical Engineering,0,29,2.18,2.7,24.8
C01763,2028,Military & Strategic Studies,0,10,3.36,2.03,22.4
C02013,2028,Undeclared,1,31,2.59,3.45,15.8
C00852,2028,Military & Strategic Studies,1,16,2.1,4,18.8
C02503,2028,Systems Engineering,0,38,2.61,2.09,20.7
C00347,2028,Economics,0,9,1.69,1.44,11
C03960,2028,Legal Studies,1,1,1.95,4,16.1
C00296,2028,Political Science,0,34,2.53,3.12,20.4
C00518,2028,Political Science,0,17,3.71,2.63,18.4
C01904,2028,Chemistry,1,30,3.91,2.85,20.7
C03915,2028,Legal Studies,0,5,2.15,3.7,16.9
C00314,2028,Management,0,6,2.33,2.83,13.2
C02303,2028,Economics,0,1,3.13,2.81,20.6
C00967,2028,Astronautical Engineering,0,21,3.7,3.17,26.5
C01470,2028,Civil & Environmental Engineering,0,31,2.18,3.58,17.8
C01094,2028,Behavioral Sciences,0,26,2.03,1.71,14.5
C03384,2028,Cyber Science,0,17,2.34,2.78,21.4
C03904,2028,Astronautical Engineering,0,1,3.1,2.76,22.7
C01428,2028,Economics,0,12,3.48,2.27,21.5
C02520,2028,Economics,0,31,2.92,2.57,18.1
C00944,2028,History,0,37,3.45,3.09,22.2
C00403,2028,Undeclared,0,38,2.95,1.8,17.9
C03889,2028,Management,0,6,2.86,2.89,15.5
C02936,2028,Political Science,0,8,2.44,2.42,13.2
C00496,2028,Operations Research,1,16,3.27,4,13.4
C01236,2028,Management,0,2,2.21,3.27,17.9
C02915,2028,Military & Strategic Studies,0,8,3.29,2.08,20.5
C01977,2028,Cyber Science,0,29,2.74,2.14,17
C02345,2028,Electrical & Computer Engineering,0,33,2.57,2,19.7
C04011,2028,English,0,17,2.49,2.58,16.4
C00241,2028,Management,1,36,2.55,3.94,10.4
C03858,2028,Economics,0,4,3.58,3.39,18.4
C03406,2028,Management,0,32,2.99,1.54,19
C02910,2028,Political Science,1,2,2.75,3.58,17.1
C00492,2028,Mechanical Engineering,0,33,3.55,2.88,23.5
C01249,2028,Biology,0,38,2.9,1.84,19.1
C00737,2028,Management,0,5,3.06,2.12,12.6
C02941,2028,Mechanical Engineering,0,13,3.63,3.68,17.6
C03118,2028,Cyber Science,0,28,2.25,3.16,21
C03217,2028,Management,1,28,1.76,4,7.7
C01728,2028,Management,0,13,2.98,3.14,13.4
C00477,2028,Behavioral Sciences,0,37,2.84,2.19,16.2
C03751,2028,Legal Studies,1,29,2.09,2.95,16.2
C00306,2028,Political Science,0,30,3.29,2.76,20.2
C00678,2028,Economics,0,5,3.55,2.76,16.8
C03063,2028,History,1,37,3.17,3.53,11
C03957,2028,Computer Science,0,36,4,2.49,23.1
C02957,2028,Political Science,0,19,2.63,2.44,15.7
C00123,2028,Economics,0,20,4,2.37,21.8
C01081,2028,Political Science,0,29,1.89,3.38,20.7
C03347,2028,Management,0,15,2.59,3.35,11.9
C03583,2028,Computer Science,0,10,2.9,2.85,17.3
C00517,2028,Military & Strategic Studies,0,21,2.17,2.5,14.9
C03149,2028,Astronautical Engineering,0,2,3.22,2.31,23.2
C03055,2028,Electrical & Computer Engineering,1,30,2.39,3.48,14.3
C01426,2028,Military & Strategic Studies,1,25,2.05,2.85,5.8
C02187,2028,Military & Strategic Studies,0,21,3.09,3.13,16.8
C02325,2028,Biology,0,30,2.9,3.48,22.6
C03819,2028,Political Science,0,13,2.41,3.1,19.6
C02684,2028,Undeclared,1,19,2.94,3.9,13.6
C02742,2028,Aeronautical Engineering,0,19,3.27,2.56,22.1
C00405,2028,Management,0,1,1.96,1.59,14.6
C02029,2028,Mechanical Engineering,1,40,3.19,3.24,19.8
C02669,2028,Management,0,38,2.51,2,12.7
C02301,2028,Physics,0,38,2.21,2.21,25.9
C01369,2028,Philosophy,1,23,2.46,4,13.8
C03237,2028,Mechanical Engineering,0,38,3.06,3.29,26
C02291,2028,Military & Strategic Studies,0,17,2.98,3.1,20.5
C01423,2028,Computer Science,0,36,3.99,2.01,22.8
C02831,2028,Electrical & Computer Engineering,0,20,3.09,3.25,22.8
C01445,2028,Undeclared,0,24,1.94,2.92,16.6
C02681,2028,Management,0,25,2,2.15,10.7
C03739,2028,Systems Engineering,1,19,2.3,3.69,16.2
C03753,2028,Behavioral Sciences,1,37,1.15,3.62,11
C00142,2028,Cyber Science,0,17,1.85,1.86,10.5
C01802,2028,Behavioral Sciences,0,5,2.85,2.93,21
C02171,2028,Military & Strategic Studies,1,28,2.79,3.28,17.1
C03786,2028,Management,0,1,2.55,2.41,13.7
C01025,2028,Computer Science,1,28,3.27,3.72,18
C00208,2028,Economics,0,30,1.25,2.95,14.4
C03660,2028,Chemistry,1,23,2.1,3.33,20.7
C01212,2028,Astronautical Engineering,1,32,2.46,4,13.5
C00152,2028,Philosophy,0,17,3.49,2.05,18.6
C01439,2028,Systems Engineering,0,12,3.46,3.04,26.8
C00585,2028,Management,0,34,3.36,2.67,18.7
C02797,2028,Mechanical Engineering,0,23,2.41,3.86,18.2
C01320,2028,Legal Studies,1,39,2.21,3.75,19.2
C01330,2028,Management,0,8,1.81,3.17,18.6
C02542,2028,Management,0,19,2.32,3.3,13.7
C03981,2028,Cyber Science,0,28,4,2.54,23.6
C01596,2028,History,0,2,2.36,2.88,15.3
C02658,2028,Management,1,15,2.68,3.99,15.6
C00868,2028,History,0,23,2.58,2.71,20.2
C02943,2028,Management,0,3,2.28,1.59,16.4
C02955,2028,Mechanical Engineering,0,3,2.87,2.26,22.6
C03983,2028,Computer Science,0,10,2.63,2,18.2
C03581,2028,Operations Research,1,23,1.7,4,13.4
C01219,2028,Mathematical Sciences,0,20,2.82,2.35,15
C02617,2028,Management,0,18,1.45,3.16,12
C02324,2028,Systems Engineering,0,16,3.84,2.85,19.6
C00557,2028,Mathematical Sciences,1,20,2.57,4,10.7
C01920,2028,Physics,0,29,4,1.85,19.7
C01313,2028,Astronautical Engineering,1,19,3.28,3.18,23.3
C01988,2028,Computer Science,0,38,3.94,2.45,27.4
C03546,2028,Political Science,1,16,2.56,3.87,16.7
C02213,2028,Management,0,22,1.7,2.52,18
C01928,2028,Management,0,11,2.02,3.05,15.1
C01599,2028,Systems Engineering,0,16,2.27,3.05,21
C03062,2028,Economics,0,30,3.01,3.22,18.4
C03317,2028,Mechanical Engineering,0,10,4,3.42,21.3
C03609,2028,History,0,11,2.27,3.03,15.3
C00473,2028,Economics,1,3,2.14,2.74,12.8
C02447,2028,Aeronautical Engineering,1,16,2.71,3.46,17.4
C02086,2028,Biology,1,25,2.8,3.51,14.8
C00189,2028,Management,1,2,2.32,4,11.2
C00710,2028,Undeclared,0,22,3.21,2.74,23.9
C02641,2028,Meteorology,0,20,2.69,3.53,17.4
C03250,2028,Meteorology,0,27,2.09,2.71,15.5
C03277,2028,Physics,0,39,2.26,2.03,20.3
C03669,2028,Philosophy,0,3,3.22,1.95,21.4
C02317,2028,Political Science,0,5,2.51,2.67,15.4
C00666,2028,Management,0,3,3.87,2.76,19
C03199,2028,Biology,1,31,3.2,3.85,19.6
C02106,2028,Political Science,1,18,3.2,3.24,11.5
C01604,2028,Management,0,7,1.33,2.15,12.3
C03941,2028,Foreign Area Studies,0,39,3.89,2.35,21
C01444,2028,Management,0,23,3.21,2.7,14.5
C02546,2028,Management,0,4,1.79,2.1,12.9
C01063,2028,Astronautical Engineering,1,14,3.37,4,21.6
C02142,2028,Cyber Science,1,27,2.01,2.7,15.4
C01974,2028,Management,0,35,3.11,2.41,17.5
C01027,2028,Aeronautical Engineering,1,10,2.69,4,18.2
C00593,2028,Undeclared,0,15,2.81,2.32,12.7
C01408,2028,Undeclared,0,32,1.98,3.29,16.2
C00904,2028,Data Science,0,39,3.3,3.09,19.9
C00676,2028,Military & Strategic Studies,0,24,2.92,2.53,18.5
C01271,2028,Behavioral Sciences,1,13,2.54,4,9.4
C00547,2028,Physics,1,29,3.09,3.4,12.6
C03041,2028,Astronautical Engineering,1,37,1.84,4,19.4
C00951,2028,Chemistry,1,10,3.01,2.93,13.4
C02624,2028,Economics,0,17,2.78,2.77,11.2
C03815,2028,Management,0,36,3.05,2.19,19.7
C00037,2028,Meteorology,0,22,3.37,2.74,20.5
C01107,2028,Mechanical Engineering,0,4,3.32,2.46,22
C00388,2028,Economics,0,16,2.81,2.95,11
C01477,2028,Systems Engineering,0,37,3.21,3.22,22.2
C03661,2028,Management,1,21,2.96,3.8,18.9
C02725,2028,Mechanical Engineering,0,6,3.23,2.03,22.7
C03363,2028,Cyber Science,1,31,4,3.5,17.9
C03353,2028,Management,0,13,3.69,2.9,21.2
C01753,2028,Military & Strategic Studies,0,17,2.57,3.49,14.2
C00057,2028,Economics,1,5,2.87,3.72,14.9
C01830,2028,Electrical & Computer Engineering,1,14,3.37,2.88,16.7
C01014,2028,Mechanical Engineering,1,24,3.97,4,17.7
C03162,2028,Management,0,31,1.1,2.29,9
C03900,2028,Military & Strategic Studies,1,7,2.37,4,12.9
C01989,2028,Meteorology,0,22,2.73,3.01,24.6
C01010,2028,Behavioral Sciences,0,5,2.69,2.36,13.2
C03167,2028,Political Science,1,17,1.57,4,16
C02495,2028,Geospatial Science,0,37,1.65,2.88,15.7
C02151,2028,Astronautical Engineering,0,4,3.25,2.38,24
C03785,2028,Geospatial Science,0,2,3.29,2.35,18.3
C01054,2028,Data Science,0,40,2.19,2.15,19.5
C02135,2028,Management,0,33,3.29,3.13,13.5
C02686,2028,Management,0,40,2.27,2.53,14.7
C03168,2028,Military & Strategic Studies,0,18,2.57,2.78,19.1
C02563,2028,Computer Science,1,4,2.54,4,16.3
C02947,2028,Computer Science,0,17,3.03,3.63,21.8
C02364,2028,Behavioral Sciences,0,5,3.38,2.97,19.6
C02811,2028,Aeronautical Engineering,0,19,3.66,3.07,23.7
C02734,2028,Political Science,1,3,2.97,3.91,13
C01752,2028,Philosophy,0,38,2.75,2.75,19.6
C00534,2028,Military & Strategic Studies,0,15,2.7,2.6,18.9
C00421,2028,Electrical & Computer Engineering,1,38,4,4,16.3
C03382,2028,Systems Engineering,0,40,3.12,2.68,20.6
C01101,2028,Management,0,22,2.65,2.82,16.3
C00009,2028,Management,0,15,2.31,3.06,17.1
C02940,2028,Mechanical Engineering,0,12,2.18,3.95,16.7
C01871,2028,Management,0,33,3.38,2.61,15.9
C01575,2028,Computer Science,0,17,2.99,2.04,17.3
C03411,2028,Systems Engineering,1,28,2.32,3.8,17.3
C02416,2028,Political Science,0,24,3.26,2.77,17.7
C00336,2028,Political Science,0,26,1.47,2.27,17.3
C00326,2028,Systems Engineering,1,19,2.21,4,15.2
C01853,2028,Mechanical Engineering,0,20,2.21,2.38,24.5
C03524,2028,Legal Studies,0,19,1.85,1.83,16.6
C01948,2028,Foreign Area Studies,0,7,4,3.41,20.5
C00316,2028,Management,1,28,1.19,3.91,9
C03681,2028,Operations Research,0,6,3.09,3.16,19.1
C00285,2028,History,1,38,1.99,3.68,16.2
C02674,2028,Biology,0,32,3.54,2.18,19.6
C00729,2028,Civil & Environmental Engineering,0,29,2.83,3.63,18.2
C03089,2028,Management,0,27,3.66,3.11,17
C02125,2028,Systems Engineering,1,12,2.57,3.88,19.9
C03687,2028,Civil & Environmental Engineering,0,27,2.02,2.06,22.4
C03876,2028,Management,0,16,1.72,2.63,11.9
C01899,2028,Mathematical Sciences,1,12,2.52,3.09,15
C02329,2028,Civil & Environmental Engineering,1,22,2.86,2.9,8.3
C00250,2028,Meteorology,1,5,2.57,3.35,14.1
C00650,2028,Political Science,0,13,2.55,2.12,14.1
C00202,2028,Mechanical Engineering,1,29,2.71,3.95,16.9
C02293,2028,Military & Strategic Studies,0,29,2.22,2.21,16.1
C01818,2028,Cyber Science,0,3,4,2.26,26.8
C01929,2028,English,0,1,1.85,2.97,15.6
C03874,2028,Computer Science,0,20,2.99,2.22,19.3
C03655,2028,Management,0,24,3.13,2.18,20
C02105,2028,Management,1,34,1.78,4,8.6
C00476,2028,Political Science,0,11,3.19,3.32,19.1
C01887,2028,Civil & Environmental Engineering,0,31,2.76,3.45,18.1
C00529,2028,Management,0,8,2.06,3.18,17.5
C02819,2028,Mechanical Engineering,1,5,2.14,4,13.5
C03074,2028,Management,0,38,2.84,2.69,16.8
C01381,2028,Chemistry,0,21,4,3.35,20.2
C02007,2028,Philosophy,0,39,1.91,3.15,10.7
C00243,2028,Economics,0,24,2.84,2.47,20.8
C03266,2028,Military & Strategic Studies,0,4,2.78,2.68,13.3
C02713,2028,Biology,0,16,3.46,3.14,13.2
C00987,2028,English,1,40,2.18,2.79,14.8
C01997,2028,History,0,38,3.34,3.48,17.6
C02921,2028,History,1,18,3.38,3.18,13
C01589,2028,Legal Studies,0,4,1.83,2.17,14.5
C01859,2028,Political Science,0,2,2.79,3.67,17.9
C00929,2028,Computer Science,1,31,2.94,3.72,17.4
C00871,2028,English,0,34,2.75,2.65,17
C03883,2028,Electrical & Computer Engineering,0,32,3.33,1.82,22.9
C01074,2028,Geospatial Science,0,4,2.38,3.58,14.1
C00357,2028,Computer Science,0,17,2.61,4,17.2
C01917,2028,Management,0,16,2.38,2.44,11.9
C00235,2028,Geospatial Science,1,4,2.55,4,16.3
C03603,2028,Management,0,19,2.65,3.13,19.1
C03518,2028,Civil & Environmental Engineering,1,3,2.28,3.4,17.1
C03878,2028,Undeclared,1,14,3.38,4,14.5
C01513,2028,Aeronautical Engineering,0,39,2.77,3.25,18.1
C03787,2028,Mechanical Engineering,0,23,2.77,3.07,20.8
C02972,2028,Electrical & Computer Engineering,0,32,3.89,3.47,23.2
C00475,2028,Management,0,30,1.47,2.77,16.6
C03387,2028,Economics,1,7,2.11,4,15.1
C02167,2028,Management,0,4,3.59,3.23,18.7
C03515,2028,Management,1,28,1.79,2.86,14.2
C01317,2028,Management,0,17,3.34,2.9,20.3
C00813,2028,History,0,21,3.51,3.79,16.6
C03324,2028,Operations Research,1,27,2.37,2.72,19.6
C01504,2028,Computer Science,1,34,3.23,4,17.8
C01182,2028,Cyber Science,1,14,3.69,4,21.8
C01972,2028,Military & Strategic Studies,0,10,3.2,3.12,19.7
C02078,2028,Military & Strategic Studies,0,9,1.88,3.68,17.5
C02851,2028,Foreign Area Studies,1,9,2.11,3.39,15.2
C01110,2028,Astronautical Engineering,0,12,3.13,1.9,19
C00130,2028,Management,0,40,2.99,2.05,9.6
C02841,2028,Computer Science,0,40,3.8,2.46,25.6
C03674,2028,Behavioral Sciences,0,20,3.68,2.44,21
C03846,2028,Economics,0,12,1.46,3.14,10.9
C03571,2028,Undeclared,1,2,2.16,4,10.6
C00272,2028,Civil & Environmental Engineering,0,7,2.33,3.18,24.8
C00052,2028,Management,1,22,2.8,2.91,18
C00429,2028,Management,0,20,2.47,2.54,13.6
C02844,2028,Data Science,0,10,2.42,2.58,18.6
C00164,2028,History,0,33,3.5,1.57,22
C02237,2028,Operations Research,0,7,3.25,3.21,19.2
C02127,2028,Physics,0,10,3.35,2.42,19.4
C00132,2028,Cyber Science,1,31,3.59,4,13.6
C02081,2028,Meteorology,0,30,3,2.59,15.2
C03899,2028,Computer Science,0,12,2.43,2.1,18
C00992,2028,Management,0,30,2.85,1.81,20.2
C03934,2028,Aeronautical Engineering,0,11,2.56,1.96,26.2
C01127,2028,History,0,9,2.43,3.04,15.5
C00282,2028,Aeronautical Engineering,1,26,3.96,4,17.2
C01376,2028,Biology,0,22,2.07,3.37,14.2
C02415,2028,Management,0,7,2.37,3.23,13
C00448,2028,Astronautical Engineering,0,38,3.23,2.78,28
C00004,2028,Philosophy,0,28,2.91,2.87,18.6
C00444,2028,Political Science,0,26,2.85,3.35,14.8
C02039,2028,Mathematical Sciences,0,11,3.21,0.79,26.3
C03835,2028,Electrical & Computer Engineering,1,13,2.16,3.92,15.2
C01750,2028,Systems Engineering,1,23,2.88,2.84,16.4
C00795,2028,Management,0,11,2.69,2.73,13.3
C03196,2028,Mechanical Engineering,1,3,3.79,3.72,15.4
C01870,2028,Chemistry,1,15,2.95,4,19.3
C00399,2028,History,1,12,2.38,4,15.5
C00662,2028,Management,0,7,3.57,3.1,18.7
C00692,2028,Mechanical Engineering,0,29,3.37,3.57,22.5
C02373,2028,Management,0,33,2.77,2.67,17.2
C00815,2028,Behavioral Sciences,0,21,3.32,2.33,20.2
C02176,2028,Economics,1,36,2.43,4,11.1
C00179,2028,Astronautical Engineering,0,5,3.17,2.81,22.8
C03826,2028,Behavioral Sciences,0,3,1.23,1.2,16.6
C00781,2028,Physics,1,8,2.86,3.62,20
C00112,2028,Operations Research,1,7,3.66,4,17.7
C01588,2028,Behavioral Sciences,0,30,3.56,3.21,20
C04003,2028,Management,0,16,3.39,2.97,18.1
C00385,2028,Mechanical Engineering,0,18,3.65,3.09,24.9
C02861,2028,Behavioral Sciences,0,25,3.61,3.11,20.8
C01239,2028,Management,0,12,2.91,3.1,17
C01342,2028,Legal Studies,0,29,1.75,1.66,15.2
C00528,2028,Cyber Science,1,25,2.95,4,20.8
C00796,2028,Economics,0,27,3.01,2.14,17
C03768,2028,Philosophy,1,37,3.47,4,12.5
C01006,2028,Philosophy,0,8,2.88,3.08,22.2
C03998,2028,Systems Engineering,0,1,3.54,2.36,22.3
C00167,2028,Behavioral Sciences,0,23,1.63,3.04,18.5
C03734,2028,Legal Studies,0,33,2.31,2.17,20.5
C03126,2028,Management,0,13,2.61,2.13,11.4
C00771,2028,Management,0,2,1.51,2.27,11.6
C00724,2028,Management,0,23,3.12,2.81,24.1
C01102,2028,Systems Engineering,0,3,2.62,1.88,18.9
C02693,2028,Meteorology,0,27,2.76,3.02,16.5
C00090,2028,Physics,1,27,1.81,2.57,13.5
C01738,2028,Military & Strategic Studies,0,18,1.92,2.86,22.3
C01142,2028,Mechanical Engineering,0,40,2.19,2.93,15.7
C00462,2028,Mathematical Sciences,0,21,3.56,3.02,24
C01670,2028,Biology,0,3,3.68,2.74,20.9
C03509,2028,Electrical & Computer Engineering,0,9,2.76,2.88,22.6
C03460,2028,Systems Engineering,0,35,3.19,1.87,24.1
C03945,2028,Management,1,12,2.51,4,15.3
C04008,2028,Astronautical Engineering,0,12,2.81,3.09,21.2
C01906,2028,Electrical & Computer Engineering,0,11,3,2.57,19.8
C03211,2028,Management,0,34,2.33,2.28,13.7
C00698,2028,Undeclared,1,3,2.96,3.98,9.7
C03799,2028,Management,0,18,2.05,1.94,14.9
C03635,2028,Behavioral Sciences,1,38,2,3.57,16
C00497,2028,Foreign Area Studies,0,9,2.35,3.07,18.6
C00363,2028,Mathematical Sciences,0,25,3.16,3.23,15.9
C00362,2028,Behavioral Sciences,1,18,3.31,3.86,16
C00360,2028,Management,0,40,2.05,2.7,17.7
C03249,2028,Data Science,0,26,2.37,2.77,16.3
C00304,2028,Mathematical Sciences,0,6,1.38,3.15,13.3
C01367,2028,Political Science,0,18,0.72,2.38,14.2
C00837,2028,Philosophy,0,12,2.3,2.27,16.9
C01669,2028,Management,0,21,2.81,3.3,17.5
C02496,2028,Management,0,3,2.66,2.25,9.7
C02559,2028,Management,0,6,2.96,3.31,16.1
C03059,2028,Computer Science,0,4,1.69,2.36,21
C03882,2028,History,0,20,3.44,3.39,20.1
C01029,2028,Mechanical Engineering,0,26,2.97,2.21,20.6
C00885,2028,Economics,1,14,1.75,3.26,8.1
C00551,2028,Systems Engineering,0,8,3.06,2.71,21.5
C00621,2028,Behavioral Sciences,0,27,2.77,2.89,21.7
C03418,2028,Computer Science,0,35,1.46,2.56,22.1
C01553,2028,Political Science,1,15,2.2,3.87,15
C01505,2028,Data Science,0,25,4,2.67,16.3
C00103,2028,Military & Strategic Studies,0,12,0.93,1.89,15.6
C00197,2028,Aeronautical Engineering,0,22,3.29,3.06,28.4
C02128,2028,Mechanical Engineering,0,19,1.58,2.7,14.3
C03999,2028,Management,0,39,2.13,1.47,12.1
C01258,2028,Data Science,0,36,2.64,3.04,13.6
C01757,2028,Systems Engineering,0,28,2.88,3.03,20.4
C01529,2028,Astronautical Engineering,0,18,2.28,2.77,21.3
C00836,2028,Legal Studies,0,17,1.73,1.9,23.1
C01877,2028,Geospatial Science,0,25,2.14,2.77,12
C00915,2028,Economics,0,21,2.14,2.79,10.6
C02539,2028,Mathematical Sciences,0,14,2.58,2.58,21.6
C03282,2028,Legal Studies,0,35,2.46,3.24,16.8
C03037,2028,History,1,4,2.93,2.91,10.3
C01991,2028,Aeronautical Engineering,0,16,4,2.78,22.2
C02162,2028,Biology,0,38,2.89,1.49,12.4
C03445,2028,Military & Strategic Studies,1,37,1.72,2.55,11.1
C00244,2028,Economics,0,10,2.43,2.33,17.7
C03716,2028,Mechanical Engineering,1,14,2.91,3.62,14.3
C03443,2028,Geospatial Science,0,30,3.55,2.74,20.2
C03989,2028,Aeronautical Engineering,0,36,2.72,3.43,25.8
C03244,2028,Military & Strategic Studies,0,27,2.55,2.4,14.6
C00453,2028,Cyber Science,1,15,1.85,3.05,20.2
C03017,2028,Data Science,0,7,3.28,3.02,23.3
C01422,2028,Systems Engineering,0,23,3.07,1.72,22.4
C03276,2028,Undeclared,0,28,2.75,2.94,12.1
C03284,2028,Management,1,18,2.64,4,15.6
C01559,2028,Management,0,35,1.99,3,15.9
C03890,2028,Civil & Environmental Engineering,0,40,2.28,3.6,24.7
C03086,2028,Undeclared,0,30,3.25,2.62,17.6
C02350,2028,Economics,0,17,3.29,2.49,19.2
C01985,2028,Aeronautical Engineering,0,21,3.42,1.89,20.9
C01548,2028,Computer Science,0,33,3.09,2.16,20.3
C02506,2028,Economics,0,31,2.84,2.43,24.2
C02733,2028,Astronautical Engineering,0,3,3.52,2.85,25.2
C00134,2028,Electrical & Computer Engineering,0,7,2,3.37,21.1
C01935,2028,Aeronautical Engineering,0,11,3.52,2.95,25.9
C01345,2028,Geospatial Science,1,30,1.71,3.68,10.8
C00752,2028,Legal Studies,0,26,2.33,2.96,16.3
C01857,2028,Operations Research,0,31,2.13,2.85,19.4
C02650,2028,Military & Strategic Studies,1,9,2.84,4,17.2
C01480,2028,Management,0,24,3.19,2.99,14.5
C01278,2028,Undeclared,0,39,3.12,2.09,14.2
C00071,2028,Foreign Area Studies,1,27,2.38,4,14.5
C03498,2028,Civil & Environmental Engineering,0,2,2.62,2.65,25.4
C01629,2028,Physics,0,5,3.69,2.08,21.6
C03710,2028,Biology,0,22,1.58,2.21,10.9
C02657,2028,Political Science,0,34,3.05,3.45,15.2
C02826,2028,Political Science,1,16,3.22,3.39,13.2
C00079,2028,Data Science,0,8,3.39,2.75,15.8
C03689,2028,Economics,0,22,2.2,3.44,15.1
C02484,2028,Management,0,23,3.74,1.92,15.1
C02109,2028,Aeronautical Engineering,0,5,3.72,2.96,24.4
C03274,2028,Mechanical Engineering,0,33,3.35,3.49,30.3
C03774,2028,Management,0,7,3.12,2.52,20.1
C00575,2028,Mechanical Engineering,0,27,2.79,2.91,21.3
C01697,2028,Foreign Area Studies,0,26,2.09,2.71,19.2
C00185,2028,Management,1,2,2.24,4,14.8
C00237,2028,Management,0,2,2.15,2.56,13.1
C00231,2028,Meteorology,1,36,3.37,3.8,16.8
C01386,2028,Biology,0,35,3.86,2.07,22.3
C03952,2028,Economics,0,4,2.36,3.32,19.9
C02200,2028,Legal Studies,0,9,2.56,2.03,18.8
C01539,2028,Management,0,10,3.97,2.53,19.3
C01711,2028,Biology,0,36,2.04,3.26,18.8
C02233,2028,Systems Engineering,0,18,2.35,3.25,16.9
C03473,2028,Geospatial Science,0,19,2.44,2.91,20.5
C01915,2028,Computer Science,0,31,2.48,1.95,24.1
C02451,2028,Chemistry,0,14,2.34,3.09,22.3
C01350,2028,Behavioral Sciences,0,30,3.17,1.51,20.8
C03601,2028,Computer Science,0,19,2.85,2.53,24.2
C02414,2028,Management,1,4,2.98,3.57,9.9
C02489,2028,Civil & Environmental Engineering,0,23,3.44,1.96,23.2
C00191,2028,Computer Science,0,10,3.57,3.35,20.4
C00720,2028,Mechanical Engineering,1,21,2.46,3.83,18.9
C03128,2028,Civil & Environmental Engineering,0,28,4,3.8,28.7
C00673,2028,Systems Engineering,1,1,3.18,3.33,19.1
C01191,2028,Cyber Science,0,18,2.21,2.86,21.9
C01075,2028,Political Science,1,13,3.31,3.57,16.3
C03820,2028,Mathematical Sciences,0,19,3.13,3.13,17.7
C02012,2028,Aeronautical Engineering,1,14,2.71,4,17.8
C03214,2028,Foreign Area Studies,0,3,2.65,3.04,17.9
C02677,2028,Biology,0,27,1.97,2.51,23.4
C00446,2028,Computer Science,0,5,3.14,3.81,24.1
C03662,2028,Management,0,15,3.47,3.64,13.4
C02613,2028,Management,0,29,2.61,2.31,9.7
C03436,2028,Cyber Science,0,18,1.79,3.47,18.4
C01851,2028,English,0,37,2.71,2,19.4
C00076,2028,Astronautical Engineering,0,3,3.51,2.69,20.7
C01329,2028,Management,1,21,2.11,3.37,10.4
C03262,2028,Mechanical Engineering,0,3,3.18,1.71,21.2
C00850,2028,Management,1,7,3.49,4,14.9
C03076,2028,Behavioral Sciences,0,19,2.92,2.66,21.7
C02516,2028,Management,0,37,2.95,2.33,18.6
C01739,2028,Economics,0,25,2.22,3.16,15.3
C00664,2028,Mechanical Engineering,0,15,3.12,2.36,24.9
C03789,2028,Systems Engineering,0,5,1.98,2.56,18.2
C01572,2028,Economics,0,20,2.45,2.62,14.6
C02855,2028,Astronautical Engineering,0,18,3.7,2.35,20.8
C01717,2028,Systems Engineering,0,35,2.53,2.04,21.1
C04029,2028,Management,0,25,2.24,3.01,15.1
C01126,2028,Aeronautical Engineering,0,7,3.71,3.69,25.8
C03987,2028,Data Science,0,27,2.08,1.27,15.1
C03478,2028,Legal Studies,1,26,2.31,3.68,16.4
C00805,2028,Legal Studies,0,34,2.29,3.69,12.8
C01414,2028,Astronautical Engineering,0,27,2.66,2.45,22.1
C01812,2028,Aeronautical Engineering,0,15,4,1.64,24.5
C03793,2028,Systems Engineering,0,16,2.52,3.13,19.2
C01431,2028,Computer Science,0,19,3.62,2.69,21.4
C03132,2028,Philosophy,0,12,3.56,3.05,20.7
C00743,2028,Management,0,15,2.28,2.64,12.7
C00480,2028,Legal Studies,0,15,2.48,2.48,14
C01296,2028,Aeronautical Engineering,0,39,3.77,3.07,25.3
C00311,2028,Management,0,14,2.48,2.78,17.5
C02757,2028,Military & Strategic Studies,0,29,3.06,1.89,17.6
C03045,2028,Operations Research,1,40,1.79,3.23,19
C02283,2028,Cyber Science,0,5,3.44,3.08,25.9
C02829,2028,Electrical & Computer Engineering,0,25,2.27,3.07,23
C03003,2028,Meteorology,0,12,2.18,2.86,18.7
C01497,2028,Civil & Environmental Engineering,0,2,2.02,2.78,15.6
C03801,2028,Systems Engineering,1,16,1.27,3.42,15
C03064,2028,Operations Research,1,24,2.97,4,16.6
C00833,2028,Economics,1,30,2.64,3.23,16.6
C01484,2028,Meteorology,1,24,2.18,3.39,10.5
C03833,2028,Management,0,5,1.47,2.22,16.9
C02652,2028,Economics,0,6,3.83,2.81,17.8
C01645,2028,Geospatial Science,0,25,1.7,2.8,12.6
C00658,2028,Computer Science,0,31,3.6,2.25,25.1
C01673,2028,Political Science,1,3,3.38,4,15.2
C00782,2028,Meteorology,0,36,2.5,2.25,18.8
C00126,2028,Foreign Area Studies,0,10,2.36,2.13,19.1
C02527,2028,Civil & Environmental Engineering,0,17,3.22,1.67,22
C01210,2028,Undeclared,0,23,1.96,2.2,12.7
C03267,2028,Electrical & Computer Engineering,1,36,3.41,3.89,20.8
C02486,2028,Philosophy,1,8,2.81,4,16.4
C03484,2028,Undeclared,0,28,2.29,2.76,15.5
C00536,2028,Management,0,23,2.58,2.17,17
C03215,2028,Political Science,0,27,2.57,2.27,15.6
C01487,2028,History,1,39,3.62,3.66,9.7
C00072,2028,English,1,14,2.53,4,13.9
C03648,2028,Behavioral Sciences,0,31,2.56,2.36,16
C00129,2028,Political Science,1,15,2.44,4,12.6
C00187,2028,Civil & Environmental Engineering,0,26,2.72,2.63,24.8
C00434,2028,Management,0,11,2.4,2.55,17
C03234,2028,Military & Strategic Studies,1,39,1.83,3.43,15
C02762,2028,Meteorology,0,34,3.2,3.53,23.5
C00622,2028,Aeronautical Engineering,0,36,3.88,3.26,25
C01894,2028,Computer Science,0,34,4,2.89,27
C02524,2028,Cyber Science,0,13,2.8,2.57,17.7
C03173,2028,Systems Engineering,0,19,4,2.54,28
C03143,2028,Political Science,0,21,3.64,2.69,13.9
C03206,2028,Management,0,33,2.31,2.76,12.7
C02789,2028,Astronautical Engineering,0,32,3.51,3.68,24.1
C03433,2028,Management,0,1,2.51,2.87,14.5
C02814,2028,Management,0,30,2.69,3.01,17.7
C03503,2028,Economics,0,16,1.36,3.08,18.1
C01387,2028,Operations Research,0,15,3.16,3.87,18
C02126,2028,Economics,1,37,2.29,2.93,8.5
C00308,2028,Mechanical Engineering,0,27,3.95,3.44,22.1
C02366,2028,Management,1,36,2.7,3.35,19.6
C01724,2028,Aeronautical Engineering,0,37,1.58,3.05,18.5
C00374,2028,Computer Science,0,25,3.12,2.72,24.1
C02409,2028,Management,1,1,3.35,3.62,12.9
C01634,2028,Operations Research,0,28,4,3.47,26.8
C02707,2028,Data Science,0,11,3.32,3.1,21.4
C01541,2028,Biology,0,24,4,3.81,19.6
C02181,2028,Computer Science,0,26,2.26,3.09,20.6
C01875,2028,Electrical & Computer Engineering,0,40,3.25,2.47,25
C01646,2028,Mechanical Engineering,0,33,3.55,2.25,23.7
C03487,2028,Computer Science,0,16,2.15,2.31,21.1
C02918,2028,Meteorology,0,29,2.55,3.09,15.7
C00344,2028,Astronautical Engineering,1,40,2.38,4,13.7
C03861,2028,Cyber Science,0,26,3.25,2.97,23.3
C01364,2028,Computer Science,0,23,4,3.63,23.1
C02379,2028,Management,0,38,1.37,2.1,12.1
C03595,2028,History,0,17,2.54,2.69,23
C03001,2028,Cyber Science,0,12,3.21,2.39,16.2
C00353,2028,Systems Engineering,0,21,3.9,2.96,22.3
C01103,2028,Economics,0,26,1.96,2.68,16.3
C02189,2028,History,1,31,1.21,3.2,14.1
C03449,2028,Electrical & Computer Engineering,0,33,2.72,3.28,18.2
C04006,2028,Aeronautical Engineering,0,27,2.61,3.15,20.1
C00663,2028,Physics,0,7,3.66,2.19,25.3
C03531,2028,Cyber Science,0,3,3.4,2.44,20.4
C00814,2028,Computer Science,0,25,2.51,1.73,20.4
C01554,2028,Astronautical Engineering,1,34,3.76,3.17,19.6
C03860,2028,Economics,1,6,2.75,2.94,11.3
C03177,2028,Aeronautical Engineering,1,16,2.54,3.79,19
C01712,2028,History,0,24,3.37,2.55,14.5
C03892,2028,English,0,34,2.83,3.05,21.8
C02226,2028,Behavioral Sciences,0,36,4,2.24,22.9
C02250,2028,Aeronautical Engineering,0,22,3.89,3.29,22.8
C02554,2028,Management,0,38,2.52,2.21,17.8
C01644,2028,Behavioral Sciences,0,25,2.77,1.51,22.1
C03986,2028,English,1,6,0.89,4,13.9
C03760,2028,History,0,38,3.29,2.99,17
C03223,2028,Computer Science,1,1,4,3.73,18.7
C03458,2028,Political Science,0,27,2.82,3.02,20.3
C02172,2028,Management,0,37,2.27,1.39,11.7
C01175,2028,Behavioral Sciences,1,13,3.21,3.15,15.9
C03512,2028,Cyber Science,0,26,2.74,3.97,21.4
C00120,2028,Chemistry,0,25,3.28,3.36,17.9
C02765,2028,Computer Science,0,23,3.55,3.21,27.8
C01628,2028,Systems Engineering,0,9,2.19,1.91,22.4
C00401,2028,Management,1,28,3.5,3.91,16.2
C02407,2028,Data Science,0,27,3.52,2.58,15.9
C01411,2028,English,0,22,2.02,2.57,17.6
C03235,2028,Aeronautical Engineering,1,20,1.97,3.75,12.3
C01702,2028,Physics,0,28,1.49,2.99,19.3
C01328,2028,Management,1,34,2.95,3.99,8.7
C00589,2028,Behavioral Sciences,0,8,2.85,2.52,17.5
C02191,2028,Management,0,29,3.88,2.86,19.5
C02544,2028,Behavioral Sciences,0,8,1.93,3.36,15.5
C02370,2028,Behavioral Sciences,0,33,2.68,3.48,22.5
C00081,2028,Economics,0,29,1.74,3.67,17.5
C00765,2028,Management,0,7,2.03,2.24,16.7
C03621,2028,Physics,0,38,2.44,3.56,21.5
C01593,2028,Operations Research,0,29,3.32,3.4,13.8
C01193,2028,Computer Science,0,24,3.77,2.49,22.5
C03963,2028,Cyber Science,0,28,3.79,2.93,21.9
C00875,2028,Management,1,20,4,4,17.1
C00768,2028,Aeronautical Engineering,0,22,3.08,3.1,21.5
C02611,2028,Management,0,2,3.09,3.34,14.6
C01478,2028,Management,0,22,2.87,2.75,20.1
C02017,2028,Legal Studies,0,11,2.47,2.05,14.6
C00019,2028,Systems Engineering,0,39,3.46,3.63,20.2
C02996,2028,Management,0,36,3.76,2.02,20.3
C01658,2028,Electrical & Computer Engineering,0,6,3.42,3.89,26.2
C00297,2028,Chemistry,0,30,3.7,2.94,27.1
C02061,2028,Astronautical Engineering,0,26,2.89,2.45,22.9
C03816,2028,Electrical & Computer Engineering,0,35,1.45,2.2,20.7
C01465,2028,Mathematical Sciences,0,24,2.41,2.84,8.2
C01881,2028,Geospatial Science,0,27,1.93,3.14,17.2
C03895,2028,Political Science,0,9,1.56,2.33,13.6
C02024,2028,Management,0,13,1.83,3.31,16.6
C01652,2028,Computer Science,1,19,2.36,2.21,21.3
C03166,2028,Political Science,0,39,2.59,1.74,15.2
C00275,2028,Management,1,6,3.37,3.24,12.7
C01056,2028,English,0,1,3.2,2.69,19.3
C01765,2028,Foreign Area Studies,1,36,1.44,3.61,11.4
C01253,2028,Systems Engineering,0,20,2.39,2.91,18.2
C03559,2028,Systems Engineering,1,27,2.77,3.31,21.4
C02458,2028,Biology,1,31,2.16,3.82,19.2
C03395,2028,Philosophy,0,9,3.25,2.82,22.6
C02708,2028,Computer Science,0,39,3.9,1.06,21.7
C02193,2028,Civil & Environmental Engineering,1,39,3.1,3.8,21
C02391,2028,Systems Engineering,0,36,2.87,2.28,19.3
C01464,2028,Aeronautical Engineering,0,3,2.65,3.01,25.1
C01982,2028,Management,0,32,2.76,2.68,16.4
C01840,2028,Biology,0,26,3.53,3.4,21.3
C00044,2028,Operations Research,0,5,2.1,2.47,11.6
C03233,2028,Management,0,30,2.48,1.94,13.1
C03538,2028,Cyber Science,0,34,4,1.36,15.6
C00190,2028,Management,0,19,2.01,2.84,18.7
C03627,2028,Computer Science,0,26,2.43,2.82,19.6
C01427,2028,Computer Science,0,1,3.57,2.46,26.5
C00778,2028,Astronautical Engineering,1,36,2.77,3.51,16.8
C00411,2028,Economics,1,15,1.63,3.82,8.3
C03554,2028,Foreign Area Studies,0,15,3.11,3.23,25
C01586,2028,Astronautical Engineering,0,29,3.97,1.82,23.7
C00460,2028,Political Science,0,8,2.01,2.88,18.4
C02847,2028,Political Science,0,34,2.49,1.66,16.6
C00390,2028,Biology,0,25,1,1.85,18.4
C01762,2028,Systems Engineering,0,40,2.83,2.22,19.8
C02471,2028,Management,0,10,2.66,3.05,15.8
C02815,2028,Aeronautical Engineering,1,22,2.72,4,18.8
C00983,2028,History,0,32,2.25,2.94,9.6
C00251,2028,Mathematical Sciences,0,19,3.37,1.27,15.9
C03536,2028,Computer Science,0,28,2.3,2.41,17.7
C00034,2028,Systems Engineering,1,34,2.72,3.72,16.7
C02052,2028,Economics,1,24,3.02,3.58,15.4
C03622,2028,Systems Engineering,0,38,2.96,3.01,24.7
C01682,2028,Meteorology,0,37,2.95,3.19,14.3
C03400,2028,Electrical & Computer Engineering,0,36,4,1.82,25.4
C00061,2028,Management,1,13,1.06,4,6.9
C02211,2028,Management,0,10,2.73,2.36,16
C02214,2028,Civil & Environmental Engineering,0,39,2.51,2.38,15.6
C00542,2028,Computer Science,0,39,2.33,2.58,20.2
C01595,2028,History,0,11,3.18,2.15,21.4
C01503,2028,History,0,15,3.94,2.61,15.1
C03388,2028,Mathematical Sciences,0,25,3.21,2.99,25.8
C01582,2028,Economics,0,27,3,2.63,20.5
C03676,2028,Behavioral Sciences,0,9,2.92,2.74,16.3
C01584,2028,Data Science,1,22,2.5,3.4,14.7
C02318,2028,Physics,0,2,2.03,2.77,23
C01339,2028,Military & Strategic Studies,1,40,2.54,2.97,15.7
C03300,2028,Cyber Science,1,5,3.12,3.91,18.3
C01421,2028,Chemistry,0,9,3.78,2.59,20.9
C01796,2028,Biology,0,7,3.24,2.03,17.8
C03078,2028,Cyber Science,0,36,2.7,2.4,22.3
C01821,2028,Computer Science,0,24,2.28,2.51,18.6
C02234,2028,Political Science,0,28,1.77,2.85,19
C03050,2028,Biology,0,23,3.7,3.21,19.3
C02182,2028,Economics,0,1,2.76,2.67,18.4
C03704,2028,Aeronautical Engineering,0,25,1.83,2.2,19.9
C02143,2028,Management,1,4,2.67,3.25,11.4
C03442,2028,Management,0,5,1.93,3.06,13.5
C00995,2028,Civil & Environmental Engineering,1,20,3.22,3.75,15.2
C01190,2028,Computer Science,1,14,3.19,2.99,17.7
C00204,2028,Biology,1,9,2.59,3.04,16.6
C00323,2028,Mechanical Engineering,1,37,2.3,3.84,27
C03492,2028,Cyber Science,1,24,2.42,3.84,13.1
C01266,2028,Philosophy,0,33,2.57,2.19,19.2
C01454,2028,Operations Research,0,3,2.88,2.94,18.4
C00377,2028,Management,0,16,1.19,2.35,15.1
C01577,2028,Astronautical Engineering,0,34,3.71,3.41,23.3
C03511,2028,Computer Science,0,13,1.15,3.38,16.4
C01117,2028,Computer Science,0,25,3.39,2.97,21.3
C03205,2028,History,0,39,2.44,3.69,16.8
C01131,2028,Political Science,0,20,2.29,2.27,16.8
C02004,2028,History,1,11,2.6,4,14.2
C01397,2028,Management,1,3,3.01,3.99,9.3
C02665,2028,Economics,1,3,2.16,3.54,15.1
C02210,2028,Systems Engineering,0,10,2.72,3.01,25.9
C02774,2028,Management,0,28,2.25,1.86,13.2
C03879,2028,Military & Strategic Studies,0,37,2.53,3.39,10.3
C00579,2028,Computer Science,0,22,2.94,3.45,22.4
C03873,2028,Electrical & Computer Engineering,1,35,3.18,3.08,14.8
C00667,2028,Management,0,24,3.57,2.25,13
C02661,2028,Legal Studies,0,18,2.84,2.59,19.8
C03319,2028,Foreign Area Studies,0,22,1.79,2.68,15.6
C01205,2028,Economics,0,3,2.98,2.21,21.7
C00414,2028,Political Science,0,3,2.28,2.65,17.7
C00884,2028,Physics,0,21,3.94,1.65,26.5
C03019,2028,Biology,0,25,3.17,3.53,16.8
C02275,2028,Geospatial Science,0,10,2.81,2.72,17.4
C02316,2028,Systems Engineering,1,26,2.7,3.89,13.6
C00349,2028,Foreign Area Studies,0,18,2.61,2.64,19.7
C00653,2028,Economics,0,7,1.84,2.75,17.3
C00140,2028,Systems Engineering,0,8,3.33,2.47,21.6
C03713,2028,Management,0,19,2.01,2.74,8.6
C02810,2028,Systems Engineering,0,30,3.58,3.5,20.9
C00984,2028,Operations Research,0,4,1.57,3.38,15.6
C01700,2028,Computer Science,0,1,2.84,2.46,19.3
C00996,2028,Systems Engineering,1,37,3.81,3.56,16.8
C00697,2028,Astronautical Engineering,0,31,2.84,1.97,15.9
C00801,2028,Undeclared,0,8,3.71,1.98,18.6
C01362,2028,Military & Strategic Studies,0,20,2.97,3.25,17.2
C03252,2028,Systems Engineering,1,26,2.64,3.52,14.8
C03322,2028,Mechanical Engineering,1,15,2.69,2.97,19.2
C03809,2028,Political Science,0,17,2.13,2.72,16.9
C01625,2028,Physics,0,36,2.93,2.75,21.3
C00339,2028,Biology,0,9,2.57,3.03,20.3
C03151,2028,Systems Engineering,1,21,3.48,3.34,14.2
C01540,2028,Systems Engineering,1,26,3.16,3.94,18.6
C02348,2028,Military & Strategic Studies,0,23,2.82,2.3,11.4
C03465,2028,English,0,36,1.93,2.79,15.8
C01015,2028,History,1,1,3.51,3.03,21
C00440,2028,Civil & Environmental Engineering,0,1,2.66,3,21.2
C02197,2028,Biology,0,20,2.63,2.66,19.7
C03699,2028,Computer Science,1,29,3.25,3.49,14
C02075,2028,Aeronautical Engineering,1,26,2.58,3.51,16.1
C03278,2028,Management,0,34,2.51,3.04,16.7
C01543,2028,Chemistry,0,10,2.78,3.15,19.6
C02901,2028,Cyber Science,0,16,2.5,3.87,18.8
C03838,2028,Political Science,0,30,2.14,2.6,17.5
C03043,2028,Aeronautical Engineering,1,24,2.76,4,19.2
C00312,2028,Political Science,0,26,2.47,4,9.5
C03248,2028,Management,0,35,2.51,2.62,13.1
C02845,2028,English,1,26,2.25,4,16.7
C03027,2028,Systems Engineering,1,29,3.36,3.44,13.3
C01955,2028,Mechanical Engineering,0,7,3.55,3.15,29.1
C02597,2028,Economics,0,30,1.9,2.36,15.1
C03577,2028,Systems Engineering,0,7,2.49,3.06,20.2
C02908,2028,Philosophy,0,22,3.38,2.08,19.2
C02983,2028,Political Science,1,31,1.99,3.9,14.6
C01418,2028,Operations Research,1,20,2.91,2.47,22.4
C00952,2028,Cyber Science,0,21,3.38,2.07,20.4
C03757,2028,Meteorology,0,20,4,3.06,18.2
C00450,2028,Aeronautical Engineering,0,11,3.6,2.33,30
C00888,2028,Management,0,19,2.86,1.57,20
C01592,2028,Systems Engineering,0,33,2.4,3.2,17.1
C04005,2028,Philosophy,0,23,1.48,3.3,18.3
C00148,2028,Biology,0,26,3.33,2.91,18.9
C02334,2028,Electrical & Computer Engineering,0,2,2.25,1.85,15.9
C02590,2028,Management,1,24,3.02,4,17.8
C03540,2028,Systems Engineering,1,8,2.83,3.88,17.8
C03579,2028,Management,0,35,3.55,2.73,19.4
C01846,2028,Management,0,9,0.98,2.17,12.5
C03697,2028,Management,0,33,2.16,3.07,19.1
C01264,2028,Data Science,0,38,2.65,2.61,20.8
C02859,2028,Mechanical Engineering,0,26,3.2,1.52,24.7
C03938,2028,Management,0,1,3.95,1.97,19.4
C01256,2028,Civil & Environmental Engineering,1,25,1.92,4,10.5
C02702,2028,Management,0,26,2.87,3.29,13.2
C03831,2028,Philosophy,0,33,3.43,2.09,20.1
C02883,2028,Undeclared,0,1,3.49,2.7,13.7
C01105,2028,Systems Engineering,0,16,2.32,2.27,19.8
C01869,2028,Legal Studies,0,10,1.77,2.96,17.6
C00584,2028,Systems Engineering,0,15,2.23,2.84,17.9
C01687,2028,Management,0,18,2.85,3.04,13.4
C02835,2028,Electrical & Computer Engineering,0,33,2.07,1.7,15.3
C03413,2028,Aeronautical Engineering,0,6,3.42,2.71,22
C00515,2028,Management,1,30,1.73,3.81,12.8
C03245,2028,Management,0,23,2.9,2.11,15.2
C00481,2028,Legal Studies,0,35,2.47,1.7,17
C03870,2028,Legal Studies,0,28,3.85,2.27,23
C03850,2028,Systems Engineering,0,40,1.97,2.59,21
C00268,2028,Aeronautical Engineering,0,40,2.19,2.94,17.5
C00701,2028,Management,0,8,2.28,2.61,15.2
C00690,2028,History,1,20,3.07,4,16.6
C02088,2028,Cyber Science,0,39,3.77,2.89,20.6
C02828,2028,Military & Strategic Studies,1,32,2.62,3.76,13.3
C00233,2028,Political Science,0,25,2.11,2.27,15.2
C02587,2028,Systems Engineering,0,28,2.98,2.73,16.8
C03372,2028,Economics,1,29,1.4,3.5,11.8
C03707,2028,Biology,1,20,3.09,3.5,11.4
C02155,2028,Astronautical Engineering,0,21,3.15,2.88,27.9
C02396,2028,Systems Engineering,0,32,3.01,3.37,19.2
C03389,2028,Undeclared,1,24,2.17,4,10.9
C03307,2028,Management,0,3,2.74,2.56,17.6
C03842,2028,Operations Research,1,18,3.89,3.93,17.5
C03102,2028,Behavioral Sciences,0,40,3.19,3.05,18.4
C03506,2028,Biology,0,38,4,3.03,25.2
C00163,2028,Management,0,4,2.48,3.2,18.4
C03808,2028,Political Science,1,12,4,3.43,14.8
C03869,2028,Cyber Science,0,14,3.16,2.04,13.4
C02532,2028,Civil & Environmental Engineering,0,15,2.03,1.71,18.1
C03432,2028,Systems Engineering,0,28,3.83,2.86,18.7
C02228,2028,Civil & Environmental Engineering,0,17,2.86,3.43,21
C03232,2028,Management,0,13,2.42,4,12.4
C00263,2028,Systems Engineering,1,37,1.9,3.19,14.2
C02890,2028,Systems Engineering,0,38,4,2.73,23.9
C02067,2028,Political Science,0,25,2.04,3.38,16
C00954,2028,Biology,0,3,3.1,2.42,23.7
C00670,2028,Physics,0,1,3.82,2.62,18.5
C01778,2028,Mechanical Engineering,0,15,3.76,2.78,23.6
C02139,2028,Economics,0,31,2.53,2.19,10.5
C02178,2028,Physics,0,35,3.38,3.18,21.9
C00831,2028,Aeronautical Engineering,1,24,2.61,3.76,17.8
C02959,2028,Mechanical Engineering,1,13,4,3.23,20.3
C03309,2028,Foreign Area Studies,0,2,4,2.99,17.3
C01874,2028,Astronautical Engineering,0,4,3.65,2.45,22.2
C00689,2028,Meteorology,0,1,3.62,2.87,20.6
C01011,2028,Management,1,28,3.54,2.9,9.7
C03500,2028,Management,0,1,2.47,2.8,13.5
C01039,2028,Economics,0,20,1.89,2.36,7.7
C01759,2028,Foreign Area Studies,0,37,2.46,2.06,21
C03255,2028,Management,0,13,1.37,2.9,9.5
C00439,2028,Management,1,20,3.35,2.84,16.2
C03301,2028,Management,1,17,3.08,3.03,9
C00267,2028,Data Science,0,13,3.65,3.33,25.5
C02720,2028,Chemistry,0,27,2.9,2.76,14.8
C01312,2028,Management,1,10,1.79,3.7,8.2
C02083,2028,Management,0,39,3.41,3.96,16
C01282,2028,Aeronautical Engineering,0,9,3.17,2.65,24
C02174,2028,Behavioral Sciences,1,10,2.81,4,11.5
C03586,2028,Political Science,0,8,3.09,2.82,17.6
C01967,2028,Chemistry,0,36,3.69,2.67,21.8
C00381,2028,Political Science,0,5,2.58,2.63,18.1
C00295,2028,Management,0,10,2.8,3.21,19.1
C02778,2028,Economics,1,18,3.14,4,14.3
C03606,2028,Philosophy,0,30,3.19,3.22,19.3
C03790,2028,Aeronautical Engineering,1,8,3.79,3.65,18.4
C00759,2028,Mechanical Engineering,0,3,3.88,3.25,26.4
C03825,2028,Military & Strategic Studies,0,6,2.71,2.22,18.1
C00273,2028,Economics,1,22,2.96,3.43,17.1
C03332,2028,Management,0,24,3.28,2.33,14.4
C01969,2028,Foreign Area Studies,1,3,3.29,4,19.4
C01876,2028,Biology,0,33,3.41,3.06,22.7
C00291,2028,Aeronautical Engineering,0,12,2.66,2.38,19.1
C02472,2028,Biology,0,14,2.82,3.2,15.4
C00145,2028,Systems Engineering,0,23,2.59,3.21,15.3
C01361,2028,Political Science,0,7,2.07,2.88,15.6
C00298,2028,Military & Strategic Studies,1,37,1.57,3.45,13.1
C01854,2028,Biology,0,36,1.25,1.71,19.2
C03929,2028,Mathematical Sciences,0,24,3.56,2.35,23.3
C00847,2028,Chemistry,0,17,2.88,2.81,18.8
C03466,2028,Systems Engineering,0,13,1.73,3.01,15.6
C03758,2028,Mathematical Sciences,0,12,2,2.34,15.3
C01067,2028,Economics,0,6,2.3,2.63,21.3
C03311,2028,Management,1,24,2.06,3.47,9.3
C03747,2028,Behavioral Sciences,0,23,2.26,3.14,21.6
C01568,2028,Management,0,30,1.97,2.7,7.9
C00502,2028,Management,0,6,2.78,2.36,17.2
C03620,2028,Geospatial Science,0,14,2.14,2.52,16.7
C01832,2028,Systems Engineering,0,1,3.45,3.18,25
C04013,2028,Electrical & Computer Engineering,0,13,2.66,2.47,25
C00093,2028,Aeronautical Engineering,0,9,2.87,1.61,28.6
C03124,2028,Astronautical Engineering,0,9,2.69,2.34,22.7
C02531,2028,Economics,1,36,2.94,3.84,15.9
C00107,2028,Management,0,22,3.12,2.73,16.7
C01323,2028,Computer Science,0,6,3.76,2.81,23.4
C02876,2028,Economics,1,33,2.75,3.55,14.1
C03794,2028,Electrical & Computer Engineering,1,3,3.4,3.36,21.8
C03679,2028,Computer Science,0,14,2.23,2.67,22.1
C01609,2028,English,0,28,2.25,3.24,22.3
C02224,2028,Management,0,16,1.99,2.49,18.8
C02358,2028,Operations Research,0,37,3.37,2.19,22.4
C01963,2028,Foreign Area Studies,0,17,2.88,2.86,23
C02870,2028,Military & Strategic Studies,0,15,3.07,3.32,21.3
C03845,2028,Aeronautical Engineering,1,11,2.04,3.43,14.9
C00213,2028,Systems Engineering,0,15,2.37,2.57,23.6
C01872,2028,Mechanical Engineering,0,38,2.18,2.14,17
C01683,2028,Astronautical Engineering,0,1,3.03,2.84,25.2
C00302,2028,Legal Studies,0,36,2.66,3.34,20
C00108,2028,Political Science,1,25,3.4,4,20.4
C01016,2028,Electrical & Computer Engineering,0,12,3.78,3.18,15
C03438,2028,Astronautical Engineering,0,2,3.37,1.46,19.7
C00290,2028,Aeronautical Engineering,0,13,2.43,2.63,19.2
C01580,2028,Behavioral Sciences,0,28,2.76,3.12,18.6
C02499,2028,Computer Science,0,31,3.07,2.09,25.9
C01819,2028,Aeronautical Engineering,0,3,3.16,2.87,22.5
C03746,2028,History,0,1,1.96,2.32,16.5
C02239,2028,Economics,1,29,3.53,3.79,16.8
C03098,2028,Mathematical Sciences,0,25,2.72,4,17.7
C00252,2028,Management,0,30,2.58,3.37,16.3
C01727,2028,Computer Science,1,18,3.33,3.02,20.9
C00509,2028,Military & Strategic Studies,0,9,3.41,2.5,17.6
C02100,2028,Management,0,22,2.73,2.94,11.8
C00128,2028,Computer Science,0,31,3.27,3.64,19.4
C01498,2028,Electrical & Computer Engineering,0,35,3.36,3.17,20.1
C03090,2028,Cyber Science,1,26,2.82,3.74,18.4
C02756,2028,Computer Science,0,17,4,3.45,31.3
C03804,2028,History,0,28,3.35,1.91,23.6
C01902,2028,Mechanical Engineering,0,19,3.07,2.85,21.6
C01517,2028,Systems Engineering,1,34,1.39,4,13
C03256,2028,Mechanical Engineering,0,22,3.97,2.54,24.7
C00916,2028,Operations Research,1,29,2.79,3.09,16.6
C00588,2028,Physics,0,12,3.06,2.71,22.8
C02049,2028,Management,0,26,1.96,2.61,16.9
C02114,2028,Political Science,0,35,2.82,2.89,17.7
C00350,2028,History,1,29,3.67,3.55,10.8
C03280,2028,Computer Science,0,28,3.22,2.21,19.3
C00643,2028,Management,0,21,3.5,2.62,14.8
C03310,2028,Data Science,0,21,4,2.88,20
C00928,2028,Chemistry,1,25,3.71,2.79,18.5
C00066,2028,Data Science,0,10,3.62,2.37,15.5
C01064,2028,Computer Science,1,9,3.09,3.76,22.3
C03108,2028,Political Science,0,5,2.64,2.4,21
C02008,2028,Computer Science,1,7,2.66,3.84,15
C00151,2028,Mathematical Sciences,1,7,1.72,3.85,11
C00756,2028,Physics,1,3,2.06,2.96,13.7
C00931,2028,English,0,23,2.12,1.71,16.6
C02750,2028,Management,0,10,3.51,3.01,18.6
C03988,2028,Philosophy,1,29,3.12,3.72,15.4
C01165,2028,Cyber Science,1,12,1.96,2.98,13
C02740,2028,Data Science,0,34,3.36,3.22,21.8
C00355,2028,Management,0,6,1.7,3.07,12.1
C02131,2028,Behavioral Sciences,0,37,2.23,2.96,15.8
C01620,2028,History,0,27,3.41,2.33,19.5
C00236,2028,Philosophy,0,15,2.58,1.73,18.1
C00959,2028,Mathematical Sciences,0,13,3.98,2.82,17.4
C03907,2028,Management,0,21,2.69,3.34,11.6
C03287,2028,Management,0,13,1.96,2.11,17.4
C02906,2028,Civil & Environmental Engineering,0,10,2.55,3.22,19.5
C01723,2028,Operations Research,0,32,3.29,2.01,16.4
C00463,2028,Electrical & Computer Engineering,0,9,3.16,2.31,22.5
C00816,2028,History,0,28,2.75,3.08,17.3
C00137,2028,Economics,0,4,3.89,3.07,20.7
C01938,2028,Cyber Science,0,3,2.48,1.67,15.5
C03638,2028,Behavioral Sciences,0,30,2.43,3.74,19.2
C02543,2028,Civil & Environmental Engineering,0,36,3.21,1.68,21.8
C03097,2028,Behavioral Sciences,0,6,2.77,2.76,23.3
C00608,2028,Computer Science,0,22,3.37,2.63,21.1
C00704,2028,Management,0,1,2.11,2.67,13.9
C01932,2028,Management,0,9,2.5,2.78,12.1
C00943,2028,Computer Science,0,14,3.57,2.82,28.2
C01108,2028,Management,0,18,3.68,2.77,13.1
C00829,2028,Political Science,0,11,4,2.04,20.6
C00175,2028,Civil & Environmental Engineering,0,26,3.51,2.87,23.5
C00946,2028,Philosophy,1,36,1.24,4,12.4
C01243,2028,Electrical & Computer Engineering,1,33,4,3.88,19.1
C03990,2028,English,1,27,1.57,4,11.5
C03647,2028,Management,0,15,3.42,2.04,19.2
C00096,2028,Computer Science,0,6,4,2.15,22.7
C00599,2028,Systems Engineering,0,29,2.74,2.19,25.5
C00318,2028,Management,1,19,3.79,3.87,20.7
C03339,2028,Cyber Science,0,22,3.6,1.6,20.1
C02788,2028,Management,0,13,2.73,2.67,16.7
C02724,2028,Economics,0,23,2.44,1.97,15.5
C01524,2028,Philosophy,0,7,2.22,2.86,14.3
C02696,2028,Economics,0,5,2.5,2.98,20.1
C03018,2028,Military & Strategic Studies,0,9,2.35,2.02,14.5
C02610,2028,Management,0,23,3.94,3.18,15.4
C03456,2028,Mechanical Engineering,1,3,3.63,4,18.3
C00923,2028,Systems Engineering,0,13,2.53,2.89,19.8
C02935,2028,Management,0,23,2.49,2.06,9.6
C01654,2028,Management,0,8,2.56,2.23,17.9
C02623,2028,Chemistry,1,13,3.34,4,19.1
C01119,2028,Mathematical Sciences,0,8,2.75,2.61,20.9
C03958,2028,Undeclared,1,30,2.66,2.63,14
C02063,2028,Biology,1,30,1.4,3.45,18.4
C02628,2028,English,0,32,1.9,2.3,18.5
C03392,2028,Management,0,27,1.97,2.28,10.5
C03402,2028,Chemistry,0,18,4,3.85,18.6
C03208,2028,Management,0,40,2.35,2.68,16
C01417,2028,Biology,0,8,3.6,2.22,20.1
C00604,2028,Systems Engineering,0,35,3.47,2.16,22.5
C03164,2028,Behavioral Sciences,1,37,2.9,4,11.5
C00886,2028,English,0,7,1.75,3.09,12.4
C00281,2028,Undeclared,0,14,2.63,2.78,20.3
C02645,2028,Aeronautical Engineering,0,2,2.44,3.17,20.7
C01998,2028,Astronautical Engineering,1,20,2.6,2.78,23
C00563,2028,Operations Research,0,39,3.46,3.56,21
C02842,2028,Management,1,31,1.48,4,8.6
C01976,2028,Political Science,0,3,2.12,2.94,14.5
C03582,2028,History,1,39,2.36,3.6,21.2
C02448,2028,Systems Engineering,0,2,2.34,2.58,19.7
C02053,2028,Civil & Environmental Engineering,0,2,3.49,3.01,26.4
C03649,2028,Astronautical Engineering,0,20,3.03,3,17.4
C01597,2028,Management,1,29,2.6,3.59,13.7
C01710,2028,Political Science,0,28,2.79,2.54,17.6
C03855,2028,Aeronautical Engineering,1,29,3.76,2.39,26.1
C01084,2028,Physics,0,40,3.93,2.62,23.9
C02230,2028,Systems Engineering,1,3,3.54,3.7,18.5
C01626,2028,Foreign Area Studies,0,26,1.43,2.88,16.3
C02304,2028,Foreign Area Studies,1,18,2.39,4,13.7
C02001,2028,Undeclared,0,36,1.59,2.47,11.7
C01912,2028,Economics,1,6,1.56,3.96,10.6
C03555,2028,Geospatial Science,0,30,3.1,3.28,18.2
C03848,2028,Systems Engineering,1,4,3.2,4,21.2
C02761,2028,Management,0,32,2.73,1.52,12.4
C00493,2028,Economics,0,22,2.64,2.47,14
C00262,2028,Systems Engineering,0,19,3.44,2.05,20.9
C00544,2028,Computer Science,1,1,1.52,3.31,19.3
C01486,2028,Systems Engineering,0,14,2.35,2.55,20.1
C02427,2028,Mathematical Sciences,0,33,2.58,3.22,12.8
C01155,2028,Civil & Environmental Engineering,0,13,3.46,1.9,23.3
C02659,2028,Mathematical Sciences,0,5,3.43,2,22.6
C03190,2028,Computer Science,0,26,2.96,3.33,20.7
C00479,2028,Data Science,0,21,3.44,2.44,21.4
C03694,2028,Management,0,13,2.66,2.85,13.8
C02059,2028,Behavioral Sciences,0,9,2.12,3.17,17.6
C03028,2028,Systems Engineering,1,18,4,2.92,16.9
C01019,2028,Astronautical Engineering,0,33,3.97,4,29.2
C00075,2028,English,1,36,1.32,3.63,17.2
C02509,2028,Political Science,1,33,1.99,4,15.3
C00007,2028,Management,0,20,1.5,2.61,15.3
C00982,2028,Operations Research,1,31,2.25,3.86,15
C03685,2028,History,0,37,2.94,3.2,16.6
C03352,2028,Management,1,37,2.52,4,4.7
C02986,2028,English,1,22,3.65,3.47,20.7
C00851,2028,Aeronautical Engineering,0,18,3.14,2.3,18.1
C01519,2028,Management,0,19,1.89,1.85,15.3
C00038,2028,Management,1,3,2.95,4,8.4
C03781,2028,English,0,29,2.48,3.18,17.5
C00500,2028,Physics,0,18,3.15,1.47,17.7
C01943,2028,Cyber Science,0,5,2.44,2.92,15.3
C02711,2028,Systems Engineering,0,37,2.96,2.55,24.3
C01449,2028,Management,0,28,4,2.71,14.7
C02755,2028,Economics,0,8,2.57,2.74,19.9
C03932,2028,Philosophy,0,35,2.29,2.45,17.3
C01334,2028,Chemistry,0,25,3.65,3.09,20.6
C02265,2027,Aeronautical Engineering,0,6,4,2.72,21.5
C00660,2027,Economics,0,16,2.83,2.94,15.7
C01787,2027,Military & Strategic Studies,0,40,3.32,3.28,22.8
C02103,2027,Operations Research,0,11,2.03,2.88,20.2
C00934,2027,Cyber Science,0,36,3.75,3.08,19.4
C01601,2027,Data Science,1,9,2.71,4,13.1
C00375,2027,Philosophy,0,16,3.36,3.74,17.9
C01137,2027,Biology,1,32,1.96,4,14.8
C01886,2027,Operations Research,0,5,2.6,3.11,18.9
C03762,2027,Astronautical Engineering,0,40,3.7,2.63,19.1
C02536,2027,Data Science,0,20,2.74,2.61,21.6
C02476,2027,Management,0,6,3.71,3.51,17.5
C03409,2027,Computer Science,0,8,2.63,2.43,18.2
C02419,2027,Management,0,5,1.13,2.99,11.4
C02169,2027,Astronautical Engineering,0,27,3.02,3.61,23.7
C00506,2027,Legal Studies,0,19,2.68,3.33,19.4
C02272,2027,Political Science,1,37,1.86,3.57,13.7
C03935,2027,Astronautical Engineering,0,15,2.06,3.54,21.5
C02502,2027,Management,0,5,3.66,3.71,21.4
C01277,2027,Biology,0,2,2.47,3.04,18.7
C03585,2027,Data Science,0,8,2.19,2.83,20.8
C00428,2027,Biology,0,28,3.15,2.62,23
C00785,2027,Political Science,0,7,2.63,3.91,19
C00800,2027,Computer Science,0,8,2.16,2.49,20.6
C03525,2027,History,0,28,3.85,3.18,18.9
C01375,2027,Economics,0,7,1.95,3.11,16.1
C03213,2027,History,1,17,2.08,3.97,12.5
C02066,2027,History,0,35,2.74,3.14,19.2
C02570,2027,Economics,0,1,1.14,2.17,14.8
C02263,2027,Operations Research,0,13,4,2.89,19.3
C03992,2027,Aeronautical Engineering,0,16,2.38,2.67,21.4
C02130,2027,Management,0,14,2.03,3.34,16.4
C02192,2027,Management,0,19,3.55,2.95,22
C03341,2027,Foreign Area Studies,0,3,2.42,2.75,21
C03013,2027,Management,0,1,3.01,3.85,17.3
C02248,2027,History,0,10,2.74,3.26,14.8
C00714,2027,Physics,0,9,2.67,2.51,23.2
C02786,2027,Management,0,19,1.83,2.6,13.3
C03754,2027,Management,0,5,2.68,2.78,11.2
C02402,2027,Economics,0,35,2.15,3.09,12.6
C00859,2027,Chemistry,0,8,4,3.38,21
C01273,2027,Mechanical Engineering,0,8,2.96,3.67,19.9
C01237,2027,Behavioral Sciences,0,25,2.7,2.94,13.2
C00774,2027,Behavioral Sciences,0,13,3.28,2.69,17.2
C00646,2027,Mechanical Engineering,0,17,3.12,3.21,22.2
C01942,2027,Management,1,6,3.58,3.88,13.6
C02785,2027,Astronautical Engineering,0,27,4,3.34,26.4
C01197,2027,Behavioral Sciences,1,40,2.52,3.74,11.3
C01984,2027,Foreign Area Studies,1,21,2.94,3.79,14.6
C01060,2027,Computer Science,0,39,3.32,2,21.3
C02867,2027,Management,0,10,2.71,2.8,15.8
C03195,2027,Philosophy,0,16,3.68,2.86,15.7
C03134,2027,Astronautical Engineering,0,11,3.41,4,19.2
C03429,2027,Political Science,1,14,2.65,4,16.9
C02335,2027,Astronautical Engineering,0,40,2.14,2.52,20.1
C03851,2027,Management,1,29,3.38,3.46,14.9
C01552,2027,History,0,34,2.23,3.18,20.5
C01704,2027,Systems Engineering,0,25,3.13,3.61,19.3
C00443,2027,Systems Engineering,0,29,1.85,3.58,18.1
C02537,2027,Economics,0,6,2.08,2.64,16.5
C02383,2027,English,1,18,2.63,3.53,13.3
C02482,2027,Economics,0,37,3.01,2.28,20.2
C03047,2027,Astronautical Engineering,1,21,2.17,3.69,13.9
C00527,2027,Astronautical Engineering,0,33,2.4,2.78,26.7
C03541,2027,Electrical & Computer Engineering,0,10,3.01,3.68,16.4
C00340,2027,English,0,5,1.38,2.56,15.4
C02076,2027,Electrical & Computer Engineering,0,21,2.92,2.65,29.8
C00602,2027,Management,0,38,2.82,3.44,17.8
C02950,2027,Civil & Environmental Engineering,0,35,2.64,2.73,19.5
C01703,2027,Systems Engineering,0,34,2.82,3.15,22.7
C00828,2027,Management,0,24,2,3.08,12.6
C00913,2027,Data Science,0,19,1.12,2.85,18.5
C03271,2027,Political Science,0,15,1.43,3.51,15
C01916,2027,Geospatial Science,0,25,2.46,2.47,15.4
C00367,2027,Management,0,5,2.89,2.94,18.3
C00503,2027,Mechanical Engineering,0,35,3.65,2.75,28.5
C03633,2027,Philosophy,0,36,3.17,2.02,16.6
C01927,2027,Chemistry,0,8,3.72,3.55,22
C02040,2027,Management,0,6,2.35,2.83,17.5
C00472,2027,Computer Science,0,26,3.09,2.49,24.5
C02259,2027,Management,0,30,1.86,3.09,8
C02874,2027,Economics,0,6,2.42,3,20
C01795,2027,Management,0,26,1.5,3.65,11.8
C00917,2027,Legal Studies,0,5,2.02,2.6,17.3
C03072,2027,Management,0,4,3.24,3.3,16.4
C00264,2027,Mechanical Engineering,1,21,3.48,3.63,21.3
C02853,2027,Military & Strategic Studies,0,13,3.34,3.22,17.2
C00718,2027,Systems Engineering,0,8,2.93,3.59,29.1
C02090,2027,Meteorology,0,27,3.14,2.37,24.7
C01136,2027,Management,0,31,3.07,2.93,18.5
C01560,2027,Electrical & Computer Engineering,0,13,2.6,2.22,23.6
C00062,2027,Mathematical Sciences,0,15,2.67,3.19,18.3
C00947,2027,Systems Engineering,1,6,2.57,4,19.3
C02372,2027,Management,1,1,2.65,4,7.8
C02716,2027,English,0,5,2.87,3.43,18.1
C00612,2027,Aeronautical Engineering,0,6,2.92,2.37,23
C01813,2027,Foreign Area Studies,0,7,3.5,2.7,12.4
C02457,2027,Management,0,7,1.98,2.84,10.8
C01576,2027,Aeronautical Engineering,0,33,2.67,3.15,18.9
C01021,2027,Economics,0,33,2.12,3.27,12.9
C03821,2027,Electrical & Computer Engineering,0,34,3.84,2.62,27.8
C00688,2027,Management,0,40,2.29,2.16,20.4
C00378,2027,Management,1,21,1.8,4,11.2
C03917,2027,Economics,0,38,2.23,3.63,16.6
C02446,2027,Military & Strategic Studies,0,7,2.45,3,19.1
C00687,2027,Geospatial Science,1,9,1.9,3.83,12
C01452,2027,Management,0,6,2.87,2.71,13.7
C01005,2027,Management,0,20,2.85,3.54,20.7
C03461,2027,Systems Engineering,0,23,2.83,2.68,25.7
C03410,2027,Cyber Science,0,5,3.56,2.32,24.9
C02622,2027,Systems Engineering,1,10,2.68,4,17.3
C01780,2027,Management,0,10,1.91,3.49,12.5
C01800,2027,Mechanical Engineering,0,28,1.78,2.54,22.1
C03241,2027,Economics,0,7,2.04,3.07,13
C00524,2027,Astronautical Engineering,0,2,3.24,3.4,19.7
C03355,2027,Biology,1,21,4,3.63,18.9
C02562,2027,Astronautical Engineering,0,15,3.05,3.02,17
C03472,2027,Electrical & Computer Engineering,1,23,3.72,3.84,21.9
C03730,2027,Mathematical Sciences,0,22,4,2.12,17
C03228,2027,Aeronautical Engineering,0,19,3.29,2.39,17.1
C02390,2027,Management,1,25,3.53,3.88,12.9
C03670,2027,Management,0,14,2.27,2.04,18.2
C01790,2027,Cyber Science,1,31,3.69,3.78,18.1
C02634,2027,Mechanical Engineering,0,23,2.42,2.93,18
C00050,2027,Computer Science,0,38,3.62,2.67,21.1
C03000,2027,Chemistry,1,28,3.09,4,18.2
C03012,2027,Operations Research,0,18,3.32,3.15,17.3
C00376,2027,Computer Science,0,38,2.95,3.56,17.4
C03065,2027,Political Science,0,29,3.06,2.4,20.6
C00280,2027,Systems Engineering,1,34,2.7,3.3,22.4
C02092,2027,Geospatial Science,0,7,2.08,2.56,15.4
C00623,2027,Geospatial Science,0,38,2.01,2.81,19.9
C03810,2027,Legal Studies,1,29,1.45,3.35,7
C03006,2027,Management,0,32,3.36,3.08,16.8
C03818,2027,Management,1,27,3.44,4,13.3
C00630,2027,English,0,36,3.19,3.49,22.4
C02108,2027,English,1,28,3.5,4,18.6
C02352,2027,Philosophy,0,23,3.1,3.72,22.3
C00114,2027,Aeronautical Engineering,0,40,3.81,2.67,23.2
C01641,2027,History,0,30,4,2.69,20.7
C01528,2027,Mathematical Sciences,1,12,4,4,16.8
C00030,2027,Foreign Area Studies,0,24,3.87,1.66,14.9
C00109,2027,Mechanical Engineering,1,5,2.29,4,15.2
C00029,2027,Behavioral Sciences,1,33,3.54,4,16.3
C03407,2027,Electrical & Computer Engineering,0,8,2.29,3.2,18.5
C02079,2027,Management,0,8,2.73,3.73,15.1
C02553,2027,Cyber Science,0,37,3.5,4,23
C01479,2027,Management,0,27,1.85,2.3,14
C03386,2027,Biology,0,31,3.73,2.92,23
C01779,2027,Mathematical Sciences,0,38,2.78,2.2,20.6
C01792,2027,Aeronautical Engineering,0,38,3.71,2.97,27
C00027,2027,Electrical & Computer Engineering,0,21,3.94,2.71,23
C03361,2027,Aeronautical Engineering,0,11,3.21,3.18,21.6
C00327,2027,Geospatial Science,0,26,3.46,3.03,16.1
C03354,2027,Management,0,22,2.03,1.7,15.1
C02094,2027,Cyber Science,0,34,4,3.52,22.3
C02019,2027,Management,1,5,2.95,4,7.3
C03490,2027,Mechanical Engineering,0,18,2.66,3.53,16.9
C03776,2027,Operations Research,0,14,3.53,2.65,22.7
C03724,2027,Aeronautical Engineering,1,24,3.02,3.78,19.3
C00343,2027,English,0,4,1.31,3.04,15.6
C03727,2027,Management,0,37,2.83,2.5,9.4
C00570,2027,Data Science,0,6,3,2.6,17.6
C01456,2027,Management,0,40,3.44,1.7,19.1
C03176,2027,Management,0,33,2.82,2.95,11.5
C00501,2027,Aeronautical Engineering,0,21,2.79,2.82,24.6
C03764,2027,Computer Science,0,40,3.13,2.41,22.2
C02944,2027,Management,0,38,1.55,2.87,10.8
C00333,2027,Management,0,19,2.89,2.88,19
C03872,2027,Management,0,20,2.89,3.16,24.1
C02802,2027,Computer Science,0,26,2.66,2.44,16.2
C01911,2027,Systems Engineering,0,14,3.46,2.66,14
C02046,2027,Operations Research,0,38,3.35,2.63,14.7
C02839,2027,Aeronautical Engineering,0,21,2.64,3.26,21.9
C02763,2027,Political Science,1,40,2.36,4,15.8
C01647,2027,Management,0,8,2.65,2.41,15.3
C00683,2027,Civil & Environmental Engineering,0,32,3.88,2.33,29.4
C01820,2027,Management,0,5,3.09,2.76,15.4
C00180,2027,Management,1,38,1.43,4,6.4
C00970,2027,Economics,0,14,2.99,3.51,19.3
C02768,2027,Electrical & Computer Engineering,1,36,2.93,3.02,15.3
C00048,2027,Management,0,6,2.85,3.81,14.9
C00484,2027,Meteorology,0,15,1.74,2.62,16.4
C01031,2027,Systems Engineering,0,21,3.43,3.94,20.4
C03980,2027,Computer Science,0,17,2.42,3.88,23.4
C00642,2027,Management,0,36,3.18,3.3,21.8
C00059,2027,Mechanical Engineering,0,15,2.93,2.9,22.8
C01841,2027,Management,1,18,2.28,3.44,12.5
C00695,2027,Electrical & Computer Engineering,0,33,3.95,3.02,22.4
C02770,2027,Chemistry,0,22,2.54,3.64,18.6
C02868,2027,Astronautical Engineering,0,13,2.44,1.96,22.1
C00802,2027,Legal Studies,1,23,3.21,3.07,20.7
C00217,2027,Aeronautical Engineering,0,7,3.76,3.89,18.9
C02600,2027,Cyber Science,0,8,3.89,2.87,19.4
C02027,2027,Civil & Environmental Engineering,1,32,2.43,3.92,15.6
C00648,2027,Systems Engineering,0,4,2.98,3.02,16.2
C01701,2027,Political Science,0,1,2.18,3.11,17.5
C01799,2027,Meteorology,0,4,3.3,2.39,22.2
C00941,2027,Aeronautical Engineering,0,29,3.25,3.42,14.7
C00998,2027,Chemistry,1,9,3.15,4,13.5
C03158,2027,Management,1,7,3.2,3.77,12
C02077,2027,Systems Engineering,0,17,3.19,3.19,22.3
C00380,2027,Cyber Science,0,18,1.78,2.4,19.8
C03039,2027,Systems Engineering,0,12,3.97,3.17,24
C00046,2027,Foreign Area Studies,1,2,3.75,4,13.1
C03800,2027,Meteorology,1,12,3.05,2.96,19.5
C01327,2027,History,0,32,1.34,2.94,15
C00556,2027,Foreign Area Studies,0,17,2.15,2.23,14.9
C02836,2027,History,0,28,2.69,2.18,20.6
C00049,2027,Chemistry,1,31,3.06,2.91,21.7
C01261,2027,English,0,29,3.2,3.52,15.9
C02190,2027,Astronautical Engineering,0,32,3.67,1.95,24.9
C03326,2027,Management,0,6,2.85,2.75,19.5
C00731,2027,Political Science,1,30,3.86,3,20.2
C02752,2027,Economics,0,26,2.95,3.87,15.1
C03242,2027,Management,1,23,2.07,4,14.3
C01228,2027,Civil & Environmental Engineering,1,10,3.68,4,19.2
C00839,2027,Management,0,37,3.69,3.17,14
C01171,2027,Civil & Environmental Engineering,1,23,3.96,3.55,20.5
C02578,2027,Military & Strategic Studies,0,20,2.22,3.49,14.7
C02971,2027,English,0,25,2.2,3.14,17.9
C03720,2027,Philosophy,0,29,3.81,1.59,20.5
C02311,2027,Management,0,16,2.94,2.86,15.4
C01981,2027,Systems Engineering,1,8,2.37,3.73,16.4
C02599,2027,Computer Science,0,13,3.4,3.32,21.4
C00166,2027,Economics,0,32,2.66,2.23,14.5
C01806,2027,Data Science,1,7,1.7,4,11.5
C03272,2027,Legal Studies,0,32,1.51,2.78,13.7
C01561,2027,Political Science,0,10,2.61,3.3,18.5
C03711,2027,Meteorology,1,15,2.67,3.83,18.7
C01786,2027,Computer Science,0,40,2.12,3.35,16.1
C02772,2027,Economics,0,26,3.64,3.51,21.4
C01614,2027,Political Science,0,1,2.27,3.41,16.1
C02781,2027,Cyber Science,1,30,3.97,3.76,20.8
C01077,2027,Biology,0,4,3.13,2.53,24.6
C03569,2027,Military & Strategic Studies,0,8,2.6,3.25,15.5
C02636,2027,Cyber Science,1,18,2.07,4,18
C02589,2027,Management,1,34,1.8,3.2,11.9
C02400,2027,History,0,34,3.09,3.35,16.6
C03736,2027,Computer Science,0,13,2.2,3.93,19
C01794,2027,Economics,0,22,2.87,3.65,15.1
C03843,2027,Management,1,24,2.77,3.84,11.2
C02917,2027,Systems Engineering,0,5,1.76,2.17,13.2
C03200,2027,Geospatial Science,1,24,2.4,4,15.2
C01509,2027,Geospatial Science,0,7,3.09,2.87,14.5
C00686,2027,Meteorology,0,11,2.56,2.17,19.9
C02369,2027,Legal Studies,0,36,2.15,3.54,19.9
C01379,2027,History,0,18,1.72,2.3,19.6
C00053,2027,Mechanical Engineering,0,12,3.6,4,23.1
C03692,2027,Systems Engineering,1,4,3.85,3.84,19.1
C01740,2027,Biology,0,29,3.45,2.55,21.6
C00265,2027,Political Science,0,27,2,2.74,15.4
C01685,2027,Economics,1,30,2.84,3.11,17.5
C00442,2027,Systems Engineering,0,27,2.58,2.95,18.3
C03542,2027,Systems Engineering,0,6,2.51,2.31,17
C00091,2027,Behavioral Sciences,1,39,2.88,4,13.2
C03469,2027,History,1,34,2.81,4,20
C03394,2027,Geospatial Science,0,9,3.43,2.89,19
C01380,2027,Foreign Area Studies,1,39,1.64,4,9.6
C03782,2027,Electrical & Computer Engineering,0,5,3.07,2.6,18.6
C01893,2027,Aeronautical Engineering,0,5,3.08,2.82,18.4
C03856,2027,Management,1,32,2.7,3.87,4.6
C02990,2027,Cyber Science,0,8,4,4,26
C03138,2027,Aeronautical Engineering,0,21,2.63,3.23,21.7
C03543,2027,Biology,0,4,1.89,3.22,20
C02821,2027,Management,0,16,2.75,3.26,11.8
C00232,2027,Management,1,38,3.34,4,14
C02195,2027,Computer Science,0,25,3.91,4,25.8
C01319,2027,Management,0,10,1.96,2.49,12.9
C03103,2027,Mathematical Sciences,1,36,2.64,4,17.1
C03616,2027,Management,0,14,1.91,2.41,14.4
C00649,2027,Mathematical Sciences,1,26,2.97,4,16.1
C01968,2027,Military & Strategic Studies,0,33,3.9,3.53,19.8
C03061,2027,Civil & Environmental Engineering,0,16,3.1,3.45,24.4
C02512,2027,Management,0,22,2.53,3.85,16.4
C00165,2027,Aeronautical Engineering,0,8,2.49,2.16,16.6
C03640,2027,Military & Strategic Studies,0,18,1.72,3.58,8.5
C02243,2027,Political Science,1,24,4,3.67,19
C01737,2027,Aeronautical Engineering,0,4,3.92,1.98,24.5
C02420,2027,Management,1,16,3.02,4,9.6
C03748,2027,Operations Research,0,16,3.99,2.3,21.2
C02389,2027,Computer Science,0,18,3.17,3.66,22.1
C03767,2027,Legal Studies,0,27,2.77,2.45,16.9
C01923,2027,Biology,1,4,3.21,3.64,19.1
C01079,2027,Operations Research,0,18,3.28,2.36,22.3
C02905,2027,Biology,0,37,2.68,2.99,14.5
C03522,2027,Meteorology,1,39,4,3.86,20.9
C03756,2027,Operations Research,0,11,2.53,2.58,17.2
C01856,2027,Management,0,10,2.06,3.8,16.7
C03773,2027,Management,0,33,2.23,3.24,14.1
C01399,2027,Management,0,17,2.05,3.13,16.3
C01788,2027,Systems Engineering,0,27,2.24,2.98,18
C00926,2027,Management,0,30,3.5,2.89,22.6
C01007,2027,Management,0,12,2.1,4,13.4
C02988,2027,Management,0,12,2.11,2.67,14.8
C03156,2027,Economics,1,40,2.96,3.38,10.3
C03766,2027,Mechanical Engineering,0,13,3.61,2.56,27.6
C03718,2027,Operations Research,0,35,2.88,1.38,21.2
C01405,2027,Astronautical Engineering,1,23,2.35,2.57,15.4
C02429,2027,Meteorology,0,18,2.83,2.38,19.2
C00156,2027,Aeronautical Engineering,0,34,2.59,3.57,19.9
C00040,2027,Foreign Area Studies,0,22,2.4,3.18,21.1
C02044,2027,History,0,12,3.49,3.33,19.7
C00734,2027,Civil & Environmental Engineering,0,27,3.37,2.76,22.7
C00498,2027,English,0,38,2.09,4,16.3
C01980,2027,Chemistry,0,4,4,3.37,19.8
C01161,2027,Systems Engineering,1,16,2.57,4,20.9
C01716,2027,Economics,0,12,3.41,2.53,15.6
C03238,2027,Military & Strategic Studies,0,23,1.2,2.85,19.4
C02609,2027,Operations Research,0,21,3.64,3.26,23.4
C01954,2027,Systems Engineering,0,27,3.64,2.11,21.2
C00532,2027,Electrical & Computer Engineering,0,23,3.14,3.35,21.9
C00727,2027,History,0,36,3.1,3.31,23
C01613,2027,Behavioral Sciences,0,24,2.61,3.11,14.6
C01648,2027,Meteorology,0,36,3.47,2.71,28.3
C02026,2027,Military & Strategic Studies,0,14,3.84,2.71,18.8
C01463,2027,Mechanical Engineering,0,30,3.05,3.75,22.9
C02443,2027,Systems Engineering,0,9,3.32,3.14,19.3
C02965,2027,Civil & Environmental Engineering,0,32,2.82,2.14,19.9
C03230,2027,Military & Strategic Studies,1,30,2.76,2.99,14.6
C00255,2027,Meteorology,0,17,4,2.13,27.1
C03188,2027,History,1,27,3.05,4,13.7
C01507,2027,Chemistry,0,32,4,3.16,17.9
C04020,2027,Management,0,40,2.11,3.33,8.8
C00415,2027,Management,0,33,1.87,2.66,17.8
C02737,2027,Management,1,27,3.43,4,16.3
C01292,2027,Mechanical Engineering,0,17,3.87,2.99,19.7
C01858,2027,Behavioral Sciences,0,12,3.56,1.8,16
C00398,2027,Computer Science,1,22,2.74,4,19.8
C00594,2027,Computer Science,1,31,3.61,3.85,18.6
C03099,2027,Political Science,0,32,2.65,3.08,17.6
C00417,2027,Military & Strategic Studies,0,6,1.83,3.03,16.6
C01036,2027,Astronautical Engineering,0,5,3.51,3.05,25.4
C04009,2027,Political Science,0,24,3.21,2.35,19.3
C03459,2027,Computer Science,1,5,3.6,3.56,15.6
C00508,2027,Physics,0,7,3.14,3.6,20.6
C00169,2027,Management,0,27,3,2.43,14.7
C01781,2027,English,0,19,3.25,2.12,19
C01262,2027,Computer Science,1,21,3.58,4,17.9
C00474,2027,Biology,0,14,2.74,2.25,16.6
C01758,2027,Management,0,16,2.83,3.28,13.8
C00705,2027,Cyber Science,0,33,2.91,3.04,17.4
C02387,2027,Management,0,24,2.77,3.23,14.5
C00738,2027,Philosophy,0,16,2.6,2.18,17.6
C01775,2027,Political Science,0,20,3.51,3.03,21.1
C01392,2027,Management,0,6,3.2,3.13,19.3
C02642,2027,Systems Engineering,0,28,3.34,3.69,22
C02929,2027,Cyber Science,0,24,3.02,2.98,24.9
C00209,2027,Biology,0,11,2.6,2.45,18.8
C01944,2027,Civil & Environmental Engineering,0,32,3.76,2.61,18.8
C02437,2027,Management,0,2,1.51,2.77,14.2
C00017,2027,Political Science,1,14,2.01,3.78,8.7
C00471,2027,Aeronautical Engineering,1,3,3.5,3.36,18
C03491,2027,Management,1,29,3.66,4,21.4
C00541,2027,Management,0,25,2.51,2.3,16.7
C01125,2027,Aeronautical Engineering,0,3,3.2,3.12,20.7
C02764,2027,Military & Strategic Studies,0,26,3.97,2.61,20.9
C02963,2027,Electrical & Computer Engineering,0,3,3.78,3.12,29.7
C00408,2027,Civil & Environmental Engineering,0,13,2.85,3.18,22.7
C00135,2027,English,0,14,3.03,3.25,21.8
C01388,2027,Military & Strategic Studies,0,32,2.49,2.4,15.5
C03042,2027,Physics,0,26,2.05,3.22,15.9
C03125,2027,Management,0,20,2.21,3.95,17.8
C03396,2027,Aeronautical Engineering,0,39,2.61,2.72,20.8
C04030,2027,Operations Research,0,18,3.12,3.04,24.5
C00279,2027,Computer Science,0,8,1.19,3.37,19.4
C01941,2027,Astronautical Engineering,0,28,2.83,3.8,25.4
C03788,2027,Data Science,0,22,3.76,3.75,17.8
C02454,2027,Foreign Area Studies,0,31,2.11,2.51,15.2
C00358,2027,Management,0,24,3.59,2.69,18
C00601,2027,Biology,0,18,4,3.4,24
C03482,2027,Aeronautical Engineering,0,36,2.81,3.21,17.8
C02256,2027,English,0,39,2.13,3.69,14.2
C01248,2027,Philosophy,0,25,2.21,2.44,18.6
C02934,2027,Behavioral Sciences,0,21,2.6,2.27,19.5
C00823,2027,Meteorology,0,10,3.9,3.13,21.4
C01459,2027,Cyber Science,0,25,2.56,2.61,23
C00565,2027,Management,1,40,2.82,4,12.6
C00371,2027,Electrical & Computer Engineering,0,11,2.31,3.56,20.9
C01999,2027,Military & Strategic Studies,0,14,3.22,3.86,17
C00113,2027,Management,0,15,3.65,3.03,20.3
C01855,2027,Management,0,27,2.91,3.07,17.1
C01308,2027,Foreign Area Studies,0,32,2.18,2.48,13
C02982,2027,Mathematical Sciences,0,8,2.82,2.42,21.4
C02927,2027,Mechanical Engineering,0,18,2.04,3.68,15
C03393,2027,Foreign Area Studies,0,33,3.35,4,21
C01204,2027,Meteorology,0,19,3.19,3.13,24.4
C02018,2027,Computer Science,1,7,3.81,3.72,25.3
C00907,2027,Management,0,25,3.21,3.01,18.8
C02058,2027,Management,0,13,4,2.17,20.9
C02261,2027,Meteorology,0,17,3.07,2.6,15.8
C02954,2027,Economics,0,33,1.79,2.13,15.9
C02654,2027,Civil & Environmental Engineering,0,10,2.57,3.48,20.2
C00266,2027,Management,0,13,3.56,2.64,21.5
C01177,2027,Philosophy,0,39,3.86,3.5,19.8
C02792,2027,Computer Science,0,8,2.78,1.94,20.6
C03293,2027,History,1,4,3.4,4,20.2
C02288,2027,Management,0,38,4,2.91,17.1
C03425,2027,Management,0,20,3.63,2.86,19.9
C02833,2027,Economics,0,27,3.38,1.53,20.8
C00084,2027,History,0,25,2.58,2.27,17.6
C01033,2027,History,0,15,2.84,2.94,22.1
C02655,2027,Political Science,0,30,2.76,3.38,19.9
C03452,2027,Military & Strategic Studies,0,8,2.24,2.75,14.4
C02956,2027,Political Science,0,31,3.34,2.99,16
C00776,2027,Mathematical Sciences,0,10,2.2,2.8,20.1
C01719,2027,Astronautical Engineering,0,5,3.18,3.38,25.3
C01395,2027,Systems Engineering,0,12,4,2.33,18.3
C02998,2027,Economics,0,10,3.1,2.19,23.5
C03517,2027,Legal Studies,1,32,3.89,3.78,17.4
C03896,2027,Systems Engineering,0,11,3.06,2.19,20.8
C01791,2027,Philosophy,0,13,2.92,2.92,16.5
C01565,2027,Management,0,7,1.64,3.31,18.3
C02922,2027,Astronautical Engineering,0,14,2.66,2.94,21.1
C00447,2027,Aeronautical Engineering,0,40,3.14,2.98,23.2
C01331,2027,Data Science,0,23,3.09,2.66,13.5
C00413,2027,Aeronautical Engineering,0,34,3.15,4,16
C03939,2027,Political Science,1,19,3.68,3.7,20.1
C00422,2027,History,0,27,2.09,3.27,14.8
C01722,2027,History,0,26,2.88,3.67,16.5
C02134,2027,Political Science,0,10,2.86,3.47,18.5
C02709,2027,Physics,1,3,3.64,3.4,14.9
C00012,2027,Data Science,1,26,2.32,3.6,13.3
C01918,2027,Computer Science,1,21,3.82,3.77,19.3
C02347,2027,Political Science,0,40,2.14,2.77,15.4
C01287,2027,Biology,1,33,3.22,3.86,15.5
C01661,2027,Management,0,10,2.78,3.16,11.8
C01940,2027,Management,1,16,1.39,3.56,13.3
C03847,2027,Aeronautical Engineering,0,5,2.98,2.65,21.2
C01226,2027,Management,1,5,3.23,4,13.3
C03532,2027,Economics,0,18,3.01,2.36,18.3
C00303,2027,Management,0,20,2.45,3.33,11.5
C02096,2027,History,0,5,1.78,2.23,16.7
C01627,2027,Military & Strategic Studies,1,9,1.53,3.93,5.3
C00329,2027,Behavioral Sciences,1,35,3.06,4,13.2
C02862,2027,Political Science,1,3,3.68,3.95,12.8
C00391,2027,Meteorology,0,23,3.97,2.99,14.5
C01223,2027,Operations Research,1,14,3.27,3.71,19.7
C01351,2027,Management,0,24,2.76,3.1,17.3
C01921,2027,Data Science,0,34,3.02,2.76,17.4
C01254,2027,Meteorology,0,38,2.26,3.47,17.9
C03867,2027,Aeronautical Engineering,0,20,2.4,2.42,18.6
C00878,2027,Astronautical Engineering,0,4,3.66,3.49,21.1
C02464,2027,Meteorology,0,34,3.92,2.33,22.6
C01450,2027,Operations Research,0,33,3.24,3.32,20.8
C02242,2027,Mechanical Engineering,0,31,2.17,3.61,19.5
C01366,2027,Foreign Area Studies,0,38,3.6,3.09,17.6
C03105,2027,Cyber Science,0,9,3.54,3.17,17.1
C01241,2027,Biology,0,7,4,3.19,20.7
C00015,2027,Systems Engineering,1,8,2.32,4,18.2
C00259,2027,Cyber Science,0,4,2.96,2.7,16.9
C02730,2027,Cyber Science,0,25,3.82,2.95,21.7
C02715,2027,Operations Research,0,26,3.2,2.99,18
C01751,2027,Management,1,15,2.68,3.98,10.1
C03220,2027,Meteorology,0,13,2.15,3.09,17.7
C03706,2027,Mathematical Sciences,0,11,3.12,3.07,18.6
C02638,2027,Political Science,0,3,2.94,3.21,21.6
C01888,2027,Philosophy,0,34,2.62,1.46,19.8
C00193,2027,Aeronautical Engineering,1,32,4,4,18.1
C02667,2027,Legal Studies,0,28,1.41,3.65,20
C01086,2027,History,0,22,3.4,2.56,20.5
C01466,2027,Computer Science,0,17,3.73,3,21.5
C03056,2027,Management,0,18,2.46,4,16.1
C02455,2027,Computer Science,0,33,3.06,2.99,19.3
C01611,2027,Computer Science,0,14,2.38,3.01,20.7
C01545,2027,Management,0,15,3.77,2.74,9.8
C02481,2027,Management,0,28,2.44,2.62,14.1
C01602,2027,Chemistry,0,26,2.62,3.94,14.7
C00321,2027,Systems Engineering,0,6,2.85,3.53,19.2
C00127,2027,Philosophy,0,25,2.1,2.32,16.8
C00225,2027,Military & Strategic Studies,0,3,2.61,2.6,17.3
C02548,2027,Electrical & Computer Engineering,1,29,2.98,4,20.3
C02866,2027,Political Science,0,5,3.06,2.83,17.5
C01433,2027,Management,0,38,2.3,4,11.5
C03916,2027,Cyber Science,0,30,3.56,4,22.3
C03450,2027,Military & Strategic Studies,0,15,2.88,2.88,18.8
C01990,2027,English,1,19,3.72,3.44,15.3
C00454,2027,Management,0,29,3.39,3.07,12.3
C03015,2027,Data Science,0,37,2.81,2.36,19.6
C00869,2027,English,0,37,2.66,3.68,18.5
C00634,2027,Cyber Science,0,39,3.9,2.85,18
C01501,2027,Astronautical Engineering,1,20,3.93,4,21.7
C02592,2027,Economics,1,12,2.3,3.95,15.5
C03814,2027,Foreign Area Studies,0,5,3.24,3.72,21.2
C02830,2027,Management,0,4,1.78,3.43,14.6
C03516,2027,Management,0,12,2.08,2.9,14.8
C02771,2027,Aeronautical Engineering,0,6,4,2.31,21.1
C03185,2027,Civil & Environmental Engineering,1,22,3.17,2.82,21.1
C03240,2027,Management,0,29,1.51,3.47,16.8
C02958,2027,Computer Science,0,5,2.06,3.87,13.8
C00900,2027,Systems Engineering,0,29,2.9,2.55,20.7
C03008,2027,Management,0,5,2.94,3.69,10.5
C02928,2027,Mechanical Engineering,0,6,2.8,3.69,28
C00880,2027,Management,1,5,1.52,4,8.3
C00384,2027,English,1,30,2.7,3.94,15.1
C00348,2027,Electrical & Computer Engineering,1,22,3.1,4,19.7
C00725,2027,Mechanical Engineering,0,14,3.16,3.38,23.8
C00143,2027,Management,0,22,2.8,2.73,13
C02374,2027,Computer Science,0,22,3.48,3.44,21.3
C00881,2027,Computer Science,0,13,3.05,4,20.6
C00538,2027,Aeronautical Engineering,0,11,2.32,2.93,26.2
C00526,2027,Geospatial Science,0,40,2.67,2.47,18.7
C02235,2027,Chemistry,0,22,3.41,3.06,21.4
C01240,2027,Military & Strategic Studies,1,12,2.93,4,17.5
C01491,2027,Military & Strategic Studies,0,26,1.2,2.84,17.7
C00117,2027,Military & Strategic Studies,0,40,3.22,1.84,22.3
C02945,2027,Management,0,26,2.17,2.82,15.6
C00580,2027,Electrical & Computer Engineering,0,3,4,2.37,29.8
C01042,2027,Cyber Science,0,8,2.95,2.92,20.9
C02586,2027,Management,0,29,2.24,4,11.6
C02302,2027,Aeronautical Engineering,0,15,3.27,3.18,25.5
C02367,2027,Operations Research,0,19,3.98,3.32,20.5
C02441,2027,Chemistry,0,13,1.92,3.31,17.3
C00065,2027,Management,1,38,2.31,4,10.4
C02888,2027,Economics,0,10,2.54,1.77,16.4
C00652,2027,Meteorology,0,34,4,3.24,28.4
C03187,2027,Economics,0,14,1.94,3.43,18
C03673,2027,Aeronautical Engineering,0,25,2.67,3.17,23.3
C03728,2027,Behavioral Sciences,0,7,2.69,2.54,16.3
C00777,2027,Management,0,12,1.89,2.93,18.4
C01878,2027,Management,1,31,2.22,4,8.3
C00849,2027,Legal Studies,0,2,1.48,2.74,13
C00629,2027,English,0,25,4,2.18,19.1
C01326,2027,Foreign Area Studies,0,38,2.2,2.62,18.9
C00933,2027,Astronautical Engineering,1,24,3.3,3.73,24.1
C02284,2027,Aeronautical Engineering,0,26,1.45,3.89,23.5
C02145,2027,Chemistry,1,13,2.99,3.53,15.6
C03109,2027,Political Science,0,20,3.02,3.14,18.3
C02406,2027,Behavioral Sciences,0,7,2.71,3.78,13.7
C00964,2027,Astronautical Engineering,0,31,2.96,2.63,21.2
C00911,2027,Systems Engineering,0,33,2.2,3.45,18
C00862,2027,Computer Science,0,37,1.28,3.47,12
C00625,2027,Cyber Science,0,31,2.98,2.26,16.4
C03979,2027,Economics,0,19,4,2.17,21.9
C01227,2027,History,0,34,3.67,3.64,21.1
C00054,2027,Political Science,0,21,3.48,4,20.3
C03483,2027,Aeronautical Engineering,0,6,3.69,2.8,25.3
C02646,2027,Mechanical Engineering,0,36,3.41,2.92,27.3
C01633,2027,History,0,17,2.99,2.42,19.5
C03349,2027,Meteorology,0,16,3.04,1.89,21.5
C03391,2027,Mechanical Engineering,0,21,2.28,3.09,19.2
C00628,2027,Systems Engineering,0,10,3.53,2.55,19.9
C02621,2027,Physics,0,3,1.19,3.28,20
C02107,2027,Electrical & Computer Engineering,0,22,1.24,1.58,14.9
C02175,2027,Management,0,35,2.89,2.99,20.9
C03943,2027,Cyber Science,0,11,3.12,2.14,23.3
C01120,2027,Systems Engineering,0,19,2.71,3.38,17.5
C03623,2027,Economics,0,17,3.47,1.62,20.6
C01860,2027,Economics,0,33,2.03,2.92,13.6
C00728,2027,Systems Engineering,1,11,3.64,2.69,18.8
C02297,2027,Management,0,22,1.72,3.53,12.8
C01660,2027,Management,0,17,3.08,2.89,16.3
C03009,2027,History,0,4,3.6,2.91,16.7
C00485,2027,History,1,24,3.65,3.27,18.1
C03726,2027,Astronautical Engineering,0,15,3.23,2.49,30.4
C02095,2027,Mechanical Engineering,0,35,2.97,2.42,24.7
C00789,2027,Systems Engineering,0,8,4,3.22,22.8
C02723,2027,English,0,14,3.46,2.63,20.8
C00897,2027,Military & Strategic Studies,0,16,2.51,3.53,18.8
C03562,2027,Civil & Environmental Engineering,0,26,2.87,2.81,23.7
C01979,2027,Political Science,0,22,1.86,2.32,17.5
C02287,2027,English,0,2,2.95,2.92,18.5
C03862,2027,Meteorology,0,5,2.35,2.62,23.3
C02111,2027,Computer Science,1,23,3.97,4,19.2
C01734,2027,Physics,0,26,3.16,2.74,19.7
C00018,2027,Civil & Environmental Engineering,0,15,3.79,3.4,20.1
C03155,2027,Data Science,0,35,2.67,2.24,17.3
C01265,2027,English,0,37,2.98,2.36,16.6
C03560,2027,Management,1,30,3.32,3.57,14.4
C01270,2027,Aeronautical Engineering,0,6,3.65,4,23.8
C01307,2027,Computer Science,0,28,3.6,2.55,23.6
C00307,2027,Economics,0,5,3.43,3.64,21.3
C03333,2027,Cyber Science,0,34,2.8,2.64,19.8
C00748,2027,Geospatial Science,0,39,3.45,3.17,22.3
C03508,2027,Meteorology,0,8,3.99,3.04,19.7
C01698,2027,Political Science,0,4,3.37,2.68,20.7
C01591,2027,Mathematical Sciences,1,5,2.41,3.07,16.6
C00615,2027,Economics,0,28,1.75,2.24,17.9
C03925,2027,Civil & Environmental Engineering,0,1,2.23,3.16,20.2
C02743,2027,Behavioral Sciences,0,9,2.24,2.22,19.9
C03083,2027,Astronautical Engineering,1,32,2.47,4,15.9
C01066,2027,Military & Strategic Studies,0,12,2.72,2.31,14.8
C03420,2027,Legal Studies,1,1,2.34,4,14.9
C03919,2027,Management,0,3,2.66,2.92,16.9
C02795,2027,Cyber Science,0,31,4,2.52,22.8
C03962,2027,Electrical & Computer Engineering,0,4,2.39,3.18,18.9
C02746,2027,Astronautical Engineering,0,34,2.4,2.73,18.4
C02902,2027,Aeronautical Engineering,0,24,3.15,2.49,16.8
C01993,2027,Computer Science,0,24,3.35,2.22,16.4
C02485,2027,Operations Research,0,6,2.74,3.32,16.5
C02561,2027,Foreign Area Studies,0,39,3.46,2.47,22.1
C03107,2027,Management,0,38,2.58,2.86,11.4
C00779,2027,Systems Engineering,0,5,3.97,3.53,20.1
C03453,2027,Management,0,28,2.99,2.99,12.9
C00068,2027,Management,1,28,3.1,4,17.4
C02773,2027,Systems Engineering,0,5,2.89,3.14,18.5
C00626,2027,Geospatial Science,0,20,3.02,2.94,17.2
C00914,2027,History,1,23,3.05,4,19.9
C03611,2027,Foreign Area Studies,0,39,3.17,3.68,17.5
C01783,2027,Physics,0,32,3.02,3.34,24.4
C03295,2027,Political Science,1,19,2.46,3.52,12.5
C02942,2027,Management,0,9,3.06,3.67,16.2
C00300,2027,Economics,0,33,2.76,2.64,11.7
C01526,2027,Foreign Area Studies,0,10,2.78,3.28,21
C00468,2027,Foreign Area Studies,0,22,2.77,2.56,18.3
C03696,2027,Management,0,19,2.24,2.57,17.7
C00276,2027,Cyber Science,0,16,4,3.75,22.3
C01198,2027,Data Science,0,36,3.12,3.17,20.3
C02438,2027,Aeronautical Engineering,0,37,2.62,2.81,20.1
C03359,2027,Civil & Environmental Engineering,0,19,3.11,1.62,23.2
C01458,2027,Management,0,4,3.88,2.32,20.8
C00607,2027,Data Science,0,20,3.38,3.26,16.2
C03951,2027,Political Science,0,14,2.39,3.14,24.4
C02552,2027,Behavioral Sciences,1,3,1.83,4,14.5
C03701,2027,Mathematical Sciences,1,35,3,3.73,16.8
C02122,2027,Management,0,14,3.7,2.97,14.7
C01578,2027,Cyber Science,0,33,4,2.71,22.2
C03467,2027,Biology,0,17,1.45,2.37,15.2
C01649,2027,Civil & Environmental Engineering,0,1,2.47,2.57,17.7
C01072,2027,Aeronautical Engineering,1,28,2.84,3.49,18.8
C02529,2027,Management,0,5,2.56,2.57,14.3
C00043,2027,Legal Studies,0,22,2.13,2.45,17.6
C01527,2027,Management,1,34,3.33,4,13.5
C00798,2027,Civil & Environmental Engineering,0,22,3.01,3.18,20
C01114,2027,History,0,23,2.51,2.99,10.6
C02775,2027,Meteorology,0,39,2.73,3.24,19.2
C01706,2027,Management,1,38,2.35,3.82,13.5
C03930,2027,Management,0,8,2.55,3.28,15.4
C02198,2027,Systems Engineering,0,12,4,3.83,26.8
C02306,2027,English,0,7,2.71,3.41,17.7
C02550,2027,Behavioral Sciences,0,12,2.84,3.25,21.1
C01897,2027,Behavioral Sciences,0,6,2.67,2.78,23.2
C00955,2027,Cyber Science,0,23,3.56,2.4,23.1
C01053,2027,Electrical & Computer Engineering,0,21,2.69,2.29,16.6
C01774,2027,Management,0,26,3.98,1.98,20.5
C01356,2027,History,0,10,2.81,3.48,14.3
C00706,2027,English,0,39,2.66,3.45,22.1
C01293,2027,Mechanical Engineering,0,13,2.09,3.51,22.3
C02885,2027,Management,0,10,2.53,2.87,23.2
C03160,2027,History,1,27,2.41,3.2,13.7
C02873,2027,Management,1,15,2.59,4,8.4
C02528,2027,Civil & Environmental Engineering,0,18,3.39,2.96,24.2
C00618,2027,Management,0,35,2.31,3.1,13.2
C00986,2027,Aeronautical Engineering,0,10,3.65,3.43,22.3
C00239,2027,Civil & Environmental Engineering,0,35,3.84,3.43,25
C01344,2027,Management,0,13,1.89,2.59,15.7
C03285,2027,Management,0,16,3.85,3.24,13.9
C00328,2027,Management,0,8,2.82,2.18,16.5
C01672,2027,Systems Engineering,1,8,3.36,3.23,22.3
C03069,2027,Electrical & Computer Engineering,0,27,2.76,3.29,21
C04035,2027,Computer Science,0,13,3.05,2.79,17.5
C01475,2027,Cyber Science,0,29,3.22,3.7,20.4
C03033,2027,Management,0,36,1.12,2.48,14.9
C03399,2027,Cyber Science,0,14,2.53,3.03,14
C02731,2027,Systems Engineering,0,21,2.27,4,16.9
C00258,2027,Behavioral Sciences,0,6,2.84,2.75,22.6
C01394,2027,Foreign Area Studies,0,22,3.6,2.93,23.3
C03732,2027,Physics,0,27,1.98,2.6,15.2
C00825,2027,Computer Science,1,8,2.56,4,18.4
C01128,2027,Military & Strategic Studies,0,8,3.1,3.6,16.7
C02747,2027,Political Science,0,11,2.22,3.72,17
C00895,2027,Operations Research,0,15,2.44,2.29,20.9
C03956,2027,History,0,25,3.56,3.32,19.8
C01218,2027,Cyber Science,0,25,4,2.77,20.2
C02832,2027,Data Science,0,11,2.69,3.2,9.6
C00616,2027,Management,0,24,1.89,3.75,12.7
C02547,2027,Political Science,0,1,1.81,2.74,15.6
C01070,2027,Foreign Area Studies,0,38,2.06,1.83,21.6
C00896,2027,Computer Science,0,32,1.78,2.47,17.9
C00035,2027,Management,1,5,2.79,4,6
C02397,2027,Economics,0,28,1.82,3.48,18.9
C01764,2027,Management,0,4,3.06,3.32,16.8
C02682,2027,Political Science,0,38,2.57,2.26,19.6
C00024,2027,Chemistry,0,4,4,2.45,25.4
C01547,2027,Political Science,0,32,3.68,2.78,22.7
C01689,2027,Biology,0,38,1.43,3.31,19.3
C00270,2027,Economics,0,3,3.03,2.45,18.1
C01835,2027,Military & Strategic Studies,0,24,2.02,3.02,12.5
C02635,2027,Meteorology,0,30,3.67,3.3,21.4
C00478,2027,Systems Engineering,1,34,3.39,4,16.4
C00424,2027,Biology,0,40,3.69,3.62,22.2
C02031,2027,Computer Science,0,18,4,3.12,22.3
C02488,2027,Geospatial Science,1,12,2.7,3.86,17.9
C01419,2027,Systems Engineering,0,25,2.79,3.54,17.9
C03133,2027,Systems Engineering,0,17,2.67,2.8,21.8
C04019,2027,Management,0,33,2.83,3.06,14.3
C01947,2027,Management,0,14,2.99,3.62,15.7
C02511,2027,Management,1,23,3.26,3.63,13.4
C03775,2027,Physics,0,24,2.06,3.14,16.9
C01966,2027,Mathematical Sciences,0,7,2.42,4,22.2
C01657,2027,Economics,1,29,1.49,3.45,10.1
C01368,2027,Civil & Environmental Engineering,0,9,3.26,3.18,23.5
C01530,2027,Behavioral Sciences,0,31,2.48,2.5,12.6
C03792,2027,Mathematical Sciences,0,22,3.82,3.5,24.5
C00513,2027,Cyber Science,0,28,3.82,3.45,20.7
C03087,2027,Data Science,1,1,3.11,3.82,14.9
C01297,2027,Cyber Science,0,35,3.26,2.85,23.1
C03791,2027,History,0,40,2.26,3.77,16.9
C01848,2027,Mechanical Engineering,1,26,4,4,19.9
C00595,2027,Mechanical Engineering,1,9,2.88,4,16.5
C03978,2027,Mathematical Sciences,0,4,2.83,2.94,20.1
C02467,2027,Mechanical Engineering,0,33,3.09,2.37,19.4
C02949,2027,Systems Engineering,0,15,3.88,1.44,24.9
C02977,2027,Astronautical Engineering,0,31,3.34,2.74,27.4
C00320,2027,Aeronautical Engineering,1,19,2.66,3.4,18.4
C02854,2027,History,0,13,1.7,2.75,18.4
C02534,2027,Political Science,0,21,2.5,2.45,16.6
C03239,2027,Economics,1,33,4,4,17.7
C02032,2027,Mechanical Engineering,0,10,3.23,2.64,27.2
C01096,2027,Operations Research,0,31,3.27,2.94,23.8
C02569,2027,Systems Engineering,1,34,3.08,3.96,16.9
C02951,2027,Military & Strategic Studies,0,14,1.85,2.31,11.4
C01756,2027,English,0,39,2.66,3.38,18.1
C02892,2027,Chemistry,0,23,4,2.94,23.3
C00910,2027,Management,0,38,3.31,4,13.6
C02368,2027,Management,0,27,3.04,3.03,12.1
C03502,2027,Electrical & Computer Engineering,0,36,3.48,2.06,22.2
C02863,2027,Management,0,25,2.65,3.24,17.6
C00085,2027,Geospatial Science,1,19,3.04,3.94,16.6
C01910,2027,Management,0,14,3.34,2.78,16.2
C02966,2027,English,0,22,2.15,2.92,18.8
C00685,2027,Biology,0,29,2.79,2.62,23.6
C01533,2027,Political Science,1,33,2.58,3.84,15.8
C02968,2027,Systems Engineering,0,24,2.94,1.9,18.5
C02985,2027,Management,0,7,2.89,3.69,21.7
C02232,2027,Cyber Science,0,33,4,2.8,20.1
C03051,2027,Mechanical Engineering,0,25,2.36,3.27,22.6
C02158,2027,Aeronautical Engineering,0,2,4,2.7,23.8
C03567,2027,Cyber Science,0,9,2.89,2.81,14.4
C01180,2027,Mechanical Engineering,0,5,3.23,1.9,24.3
C03414,2027,English,0,2,3.48,2.17,24.2
C00293,2027,Cyber Science,1,40,2.11,4,16.4
C00821,2027,Cyber Science,0,28,3.67,3.58,20.4
C03338,2027,Cyber Science,0,34,3.66,1.89,18.8
C03903,2027,Military & Strategic Studies,0,6,2.5,3.04,17.5
C03644,2027,Aeronautical Engineering,0,8,2.91,3.36,20.5
C01651,2027,Foreign Area Studies,0,26,3.04,3.44,17.3
C03201,2027,Economics,0,15,2.23,3.37,11.4
C00757,2027,Political Science,0,18,1.67,2.33,16.4
C03735,2027,Computer Science,0,8,3.04,2.26,18.8
C02703,2027,History,0,12,2.8,3.03,17.1
C00863,2027,Economics,0,2,2.8,3.21,22.4
C00922,2027,Economics,0,25,4,2.07,21.6
C01607,2027,Systems Engineering,0,15,3.83,2.16,21.8
C00248,2027,Mathematical Sciences,0,26,3.55,2.86,20.3
C01402,2027,Astronautical Engineering,0,9,4,3.29,22.6
C02508,2027,Meteorology,0,39,3.22,2.92,24
C00624,2027,Economics,0,2,0.61,2.66,21
C00181,2027,History,1,24,1.9,3.75,13.7
C01600,2027,Political Science,0,13,3.89,1.56,10.5
C03625,2027,Foreign Area Studies,0,5,1.38,2.47,10.3
C00160,2027,Computer Science,0,10,4,3.3,24.6
C01181,2027,Economics,1,13,3.37,3.81,14.8
C01062,2027,Management,0,7,2.59,3.46,18.7
C01823,2027,Management,0,39,2.77,3.1,18
C03671,2027,English,1,34,3.11,4,22.1
C01048,2027,English,1,36,1.19,4,11.3
C03910,2027,Management,0,4,1.63,2.79,5.6
C01260,2027,Management,0,19,2.49,2.78,18.4
C02153,2027,Political Science,0,25,1.89,3.21,11.7
C01926,2027,History,1,5,2.31,3.26,13.7
C00769,2027,Management,1,2,2.53,3.66,8.9
C01481,2027,Aeronautical Engineering,0,33,2.18,2.45,25
C02149,2027,Management,0,1,3.38,2.9,13.7
C02843,2027,Civil & Environmental Engineering,0,38,2.71,2.84,19.7
C03950,2027,Management,1,21,3.06,4,14.5
C03965,2027,English,1,35,2.26,3.41,10.4
C02779,2027,Behavioral Sciences,1,13,1.57,3.54,8.2
C02736,2027,Military & Strategic Studies,0,40,1.94,2.13,13.6
C00921,2027,Aeronautical Engineering,0,35,2.5,4,23.8
C02418,2027,Astronautical Engineering,0,7,1.88,2.27,15.3
C01523,2027,Management,1,29,1.14,4,11.2
C03424,2027,Meteorology,0,5,4,3.4,20.5
C03197,2027,Political Science,1,7,3.04,3.03,14.1
C03303,2027,Management,0,34,3.46,2.96,19.5
C03426,2027,Aeronautical Engineering,0,26,3.26,3.28,30.5
C02540,2027,Management,0,30,3.03,3.05,16.2
C03745,2027,Chemistry,0,20,3.67,2.73,23.8
C02583,2027,Management,0,35,2.69,2.23,14.7
C01879,2027,Cyber Science,0,21,2.83,3.6,22.8
C00056,2027,Political Science,1,27,1.97,4,15.9
C04024,2027,Management,1,7,2.93,4,12.4
C00583,2027,Economics,0,34,1.85,3.16,15.8
C03488,2027,Computer Science,0,25,2.85,3.67,22.7
C02604,2027,Systems Engineering,0,13,2.91,3.18,22.7
C02735,2027,Management,0,34,2.22,3.39,10.8
C00486,2027,Behavioral Sciences,0,17,2.05,2.68,14.2
C02120,2027,Systems Engineering,0,2,2.25,2.19,25.7
C01905,2027,Computer Science,0,13,2.95,3.53,17.8
C02620,2027,Astronautical Engineering,0,31,2.84,2.65,20.3
C02993,2027,Behavioral Sciences,0,27,2.85,3.41,22.8
C02020,2027,Military & Strategic Studies,0,4,3.66,2.35,18.6
C02251,2027,Management,0,36,2.7,2.6,15.9
C02838,2027,Legal Studies,1,1,1.98,4,13.5
C02323,2027,Foreign Area Studies,0,38,2.24,3.91,18.6
C00965,2027,Management,0,24,2.65,3.33,18.6
C03165,2027,Economics,1,2,2.19,2.95,10.8
C00313,2027,Political Science,0,7,3.7,2.55,22.2
C02073,2027,Aeronautical Engineering,0,37,3.44,3.62,22.1
C02341,2027,History,0,4,1.97,1.66,19.2
C00577,2027,Management,0,24,2.03,3.26,17.5
C02857,2027,Management,0,35,3.58,3.19,16
C01441,2027,Chemistry,0,1,2.43,3.12,18.5
C00435,2027,English,0,19,2.28,1.84,20.4
C00261,2027,Mechanical Engineering,1,7,2.94,3.82,15.1
C01805,2027,English,1,7,4,3.3,15.9
C03731,2027,Cyber Science,0,30,2.52,2.63,17.7
C00936,2027,Meteorology,1,23,2.98,4,20.2
C03594,2027,Management,0,6,1.59,2.71,11.1
C02571,2027,Management,0,27,2.12,2.79,10.5
C02924,2027,Legal Studies,1,27,2.37,3.08,12.3
C02860,2027,Cyber Science,0,8,2.42,2.4,16.8
C00682,2027,Computer Science,0,1,3.58,1.52,24.8
C02912,2027,Economics,0,3,2.64,3.41,12.4
C02648,2027,Economics,1,25,2.04,4,14.3
C00351,2027,Physics,0,22,4,2.59,24.8
C02896,2027,Aeronautical Engineering,0,5,2.71,2.41,22.6
C03618,2027,Computer Science,0,12,3.91,2.48,22.3
C00860,2027,Economics,0,21,3.29,1.93,12.3
C00549,2027,Astronautical Engineering,0,25,4,3.01,23.2
C02803,2027,Aeronautical Engineering,0,32,3.64,3.01,19.9
C01425,2027,Astronautical Engineering,1,25,4,3.66,24.2
C03357,2027,Mathematical Sciences,0,29,3.49,3.51,17.2
C02717,2027,Management,0,27,2.38,3.1,14.1
C00325,2027,Systems Engineering,0,3,3.41,3.22,19.9
C01720,2027,Civil & Environmental Engineering,0,23,2.69,3.04,19.2
C03970,2027,Electrical & Computer Engineering,0,36,3.88,3.67,21.9
C00841,2027,Management,0,39,3.34,3.32,28.3
C01415,2027,Electrical & Computer Engineering,0,40,3.18,2.83,20.7
C03369,2027,Computer Science,0,40,2.89,3.14,24
C02864,2027,Aeronautical Engineering,0,1,3.63,3.71,21.1
C03650,2027,Military & Strategic Studies,0,31,1.8,2.53,21.3
C03398,2027,Foreign Area Studies,0,2,2.9,2.82,16.4
C00194,2027,Management,0,21,3.19,2.69,14.5
C00553,2027,History,0,3,1.69,3.18,19.5
C01522,2027,Aeronautical Engineering,1,40,3.95,4,19
C01535,2027,Physics,0,34,3.51,2.93,21.7
C02445,2027,Management,0,38,3.36,3.28,17.4
C03437,2027,History,1,37,2.81,3.81,15.6
C02729,2027,Electrical & Computer Engineering,0,6,2.31,3.31,21.2
C01371,2027,Physics,1,3,3.32,3.87,17.1
C00519,2027,Military & Strategic Studies,0,34,2.93,4,18.7
C01863,2027,Economics,1,6,1.54,3.39,15.9
C03561,2027,History,1,23,1.48,4,13.2
C03455,2027,Physics,0,28,2.57,3.69,20.5
C00150,2027,Political Science,1,5,2.24,4,13.3
C02517,2027,Electrical & Computer Engineering,0,15,3.73,3.24,17.4
C00173,2027,Military & Strategic Studies,0,19,3.84,3.03,17.2
C03290,2027,Management,0,7,2.21,3.1,15.5
C01186,2027,Systems Engineering,0,21,3.24,2.77,24.7
C00656,2027,Legal Studies,0,35,2.54,2.6,16
C03886,2027,Geospatial Science,0,10,2.94,3.4,19.9
C00567,2027,History,1,18,2.85,4,15
C00063,2027,Physics,0,36,2.67,2.96,16.6
C01003,2027,Military & Strategic Studies,1,36,3.92,3.72,17.4
C03315,2027,Aeronautical Engineering,0,30,2.86,2.63,23.5
C00838,2027,Computer Science,0,14,3.55,2.6,26.9
C02309,2027,Mechanical Engineering,0,26,4,3.26,22.3
C03071,2027,Political Science,0,31,2.07,2.4,20.5
C02807,2027,History,0,21,2.9,2.73,14.5
C01590,2027,Computer Science,0,30,3.55,2.54,21.3
C03868,2027,Political Science,0,28,2.45,3.32,11.1
C00636,2027,Management,0,15,2.28,1.94,12.1
C00812,2027,Legal Studies,0,12,3.86,3.36,16.6
C01973,2027,Military & Strategic Studies,0,27,2.67,3.79,20.9
C03159,2027,Political Science,0,31,2.57,3.11,14.9
C02790,2027,Systems Engineering,0,7,4,3.34,24.8
C01012,2027,Systems Engineering,0,3,3,2.42,19.4
C01768,2027,History,0,4,3.1,2.75,22
C02110,2027,Aeronautical Engineering,0,19,3.2,3.37,21.5
C02038,2027,Economics,1,4,1.9,4,12.1
C02209,2027,History,0,11,1.87,2.63,15.3
C02852,2027,Mathematical Sciences,0,20,2.98,2.71,18.1
C02205,2027,English,0,14,2.89,3.34,18.3
C02165,2027,Mechanical Engineering,0,13,3.06,3.04,25.9
C01246,2027,Computer Science,1,4,3.27,4,22.7
C03905,2027,Cyber Science,0,38,2.14,1.77,13.8
C01363,2027,History,0,17,4,2.24,23.1
C04023,2027,Management,0,8,2.35,2.81,17.6
C02995,2027,Mechanical Engineering,0,29,3.79,1.88,24.1
C00331,2027,Management,0,21,2.81,3.71,11.2
C02411,2027,Computer Science,0,12,3.09,2.84,24.9
C03936,2027,Political Science,0,21,2.39,2.8,16.1
C00023,2027,Management,0,32,0.89,2.66,12.8
C03294,2027,Chemistry,0,3,4,2.27,21.7
C01038,2027,Philosophy,0,26,1.81,3.47,14.2
C04032,2027,Systems Engineering,0,39,2.61,3.78,16.3
C00905,2027,Biology,0,27,1.21,2.24,16.6
C01215,2027,Military & Strategic Studies,0,24,2.11,2.43,15.8
C03079,2027,Physics,0,18,2.9,2.24,26.2
C01090,2027,Meteorology,0,12,2.96,2.82,17.9
C02793,2027,Aeronautical Engineering,1,40,3.23,3.67,20.4
C00633,2027,Aeronautical Engineering,0,18,1.34,3.16,14.6
C01571,2027,Management,0,37,2.94,2.78,15.9
C00762,2027,Management,0,13,1.55,1.97,11.8
C01310,2027,English,0,4,3.52,2.73,18.4
C03610,2027,Military & Strategic Studies,0,34,2.78,4,20.6
C01413,2027,Management,0,8,2.67,3.49,16.7
C00879,2027,Electrical & Computer Engineering,0,17,2.07,3.34,18
C03422,2027,Behavioral Sciences,0,8,2.28,3.8,19.2
C01770,2027,Biology,0,5,3.33,2.28,19.5
C02375,2027,Physics,0,20,3.5,1.98,24.7
C02043,2027,English,0,1,2.92,2.53,21.4
C02320,2027,Management,0,36,1.64,2.98,9.7
C03335,2027,Operations Research,0,22,3.54,2.17,17.7
C02491,2027,Management,0,35,2.31,3.97,13.2
C02518,2027,Management,0,7,2.13,3.34,13.4
C01322,2027,Civil & Environmental Engineering,0,39,2.96,2.96,22.8
C00192,2027,Astronautical Engineering,1,20,3.44,4,10.8
C03194,2027,Astronautical Engineering,0,37,3.28,3.49,18.4
C02477,2027,Operations Research,0,21,3.51,3.16,21.3
C02533,2027,Management,0,33,3.67,2.07,18.2
C03383,2027,Philosophy,0,27,1.95,2.37,10.2
C02381,2027,Behavioral Sciences,0,39,1.41,2.47,15.1
C02295,2027,Management,1,18,1.77,4,16.1
C00891,2027,Behavioral Sciences,0,14,2.7,3.77,20.6
